Timestamp,Worker,Method,Endpoint,Status,Ok,Latency_ms,Env,Run
2026-08-30T18:00:15.037Z,3,GET,/api/animais,200,0,708.20,aws,1
2026-08-30T18:00:15.082Z,5,GET,/api/animais,200,0,737.84,aws,1
2026-08-30T18:00:15.088Z,1,GET,/api/animais,200,0,770.91,aws,1
2026-08-30T18:00:15.482Z,12,GET,/api/animais,200,0,1142.57,aws,1
2026-08-30T18:00:15.494Z,8,GET,/api/animais,200,0,1154.52,aws,1
2026-08-30T18:00:15.525Z,2,GET,/api/animais,200,0,1190.01,aws,1
2026-08-30T18:00:16.032Z,6,GET,/api/animais,200,0,1695.78,aws,1
2026-08-30T18:00:16.053Z,10,GET,/api/animais,200,0,1715.15,aws,1
2026-08-30T18:00:16.079Z,4,GET,/api/animais,200,0,1741.95,aws,1
2026-08-30T18:00:16.115Z,11,GET,/api/animais,200,0,1775.87,aws,1
2026-08-30T18:00:16.618Z,7,GET,/api/animais,200,0,2283.44,aws,1
2026-08-30T18:00:16.656Z,19,GET,/api/animais,200,0,2311.08,aws,1
2026-08-30T18:00:16.711Z,15,GET,/api/animais,200,0,2371.74,aws,1
2026-08-30T18:00:16.767Z,9,GET,/api/animais,200,0,2433.39,aws,1
2026-08-30T18:00:17.214Z,17,GET,/api/animais,200,0,2867.70,aws,1
2026-08-30T18:00:17.364Z,13,GET,/api/animais,200,0,3021.72,aws,1
2026-08-30T18:00:17.379Z,14,GET,/api/animais,200,0,3036.75,aws,1
2026-08-30T18:00:17.432Z,21,GET,/api/animais,200,0,3094.02,aws,1
2026-08-30T18:00:17.489Z,22,GET,/api/animais,200,0,3148.76,aws,1
2026-08-30T18:00:17.902Z,23,GET,/api/animais,200,0,3561.00,aws,1
2026-08-30T18:00:18.107Z,16,GET,/api/animais,200,0,3767.63,aws,1
2026-08-30T18:00:18.113Z,25,GET,/api/animais,200,0,3771.05,aws,1
2026-08-30T18:00:18.120Z,27,GET,/api/animais,200,0,3782.07,aws,1
2026-08-30T18:00:18.190Z,18,GET,/api/animais,200,0,3851.66,aws,1
2026-08-30T18:00:18.678Z,20,GET,/api/animais,200,0,4335.10,aws,1
2026-08-30T18:00:18.822Z,24,GET,/api/animais,200,0,4477.94,aws,1
2026-08-30T18:00:18.842Z,31,GET,/api/animais,200,0,4498.67,aws,1
2026-08-30T18:00:18.850Z,28,GET,/api/animais,200,0,4503.56,aws,1
2026-08-30T18:00:18.904Z,35,GET,/api/animais,200,0,4559.48,aws,1
2026-08-30T18:00:19.369Z,29,GET,/api/animais,200,0,5021.46,aws,1
2026-08-30T18:00:19.545Z,26,GET,/api/animais,200,0,5204.45,aws,1
2026-08-30T18:00:19.601Z,34,GET,/api/animais,200,0,5256.36,aws,1
2026-08-30T18:00:19.617Z,33,GET,/api/animais,200,0,5263.19,aws,1
2026-08-30T18:00:19.624Z,40,GET,/api/animais,200,0,5260.91,aws,1
2026-08-30T18:00:20.080Z,41,GET,/api/animais,200,0,5739.85,aws,1
2026-08-30T18:00:20.250Z,30,GET,/api/animais,200,0,5911.28,aws,1
2026-08-30T18:00:20.312Z,38,GET,/api/animais,200,0,5969.78,aws,1
2026-08-30T18:00:20.327Z,32,GET,/api/animais,200,0,5985.84,aws,1
2026-08-30T18:00:20.366Z,46,GET,/api/animais,200,0,6023.94,aws,1
2026-08-30T18:00:20.786Z,36,GET,/api/animais,200,0,6447.99,aws,1
2026-08-30T18:00:20.965Z,44,GET,/api/animais,200,0,6623.62,aws,1
2026-08-30T18:00:20.991Z,37,GET,/api/animais,200,0,6648.95,aws,1
2026-08-30T18:00:21.058Z,39,GET,/api/animais,200,0,6714.57,aws,1
2026-08-30T18:00:21.116Z,43,GET,/api/animais,200,0,6771.38,aws,1
2026-08-30T18:00:21.497Z,49,GET,/api/animais,200,0,7150.96,aws,1
2026-08-30T18:00:21.703Z,45,GET,/api/animais,200,0,7355.31,aws,1
2026-08-30T18:00:21.723Z,50,GET,/api/animais,200,0,7378.06,aws,1
2026-08-30T18:00:21.829Z,42,GET,/api/animais,200,0,7485.89,aws,1
2026-08-30T18:00:21.838Z,58,GET,/api/animais,200,0,7494.61,aws,1
2026-08-30T18:00:22.187Z,52,GET,/api/animais,200,0,7844.06,aws,1
2026-08-30T18:00:22.367Z,55,GET,/api/animais,200,0,8026.57,aws,1
2026-08-30T18:00:22.462Z,48,GET,/api/animais,200,0,8118.99,aws,1
2026-08-30T18:00:22.580Z,60,GET,/api/animais,200,0,8239.05,aws,1
2026-08-30T18:00:22.587Z,56,GET,/api/animais,200,0,8242.64,aws,1
2026-08-30T18:00:22.868Z,53,GET,/api/animais,200,0,8521.87,aws,1
2026-08-30T18:00:23.097Z,54,GET,/api/animais,200,0,8753.52,aws,1
2026-08-30T18:00:23.225Z,59,GET,/api/animais,200,0,8879.57,aws,1
2026-08-30T18:00:23.271Z,61,GET,/api/animais,200,0,8922.67,aws,1
2026-08-30T18:00:23.313Z,67,GET,/api/animais,200,0,8961.22,aws,1
2026-08-30T18:00:23.611Z,47,GET,/api/animais,200,0,9259.61,aws,1
2026-08-30T18:00:23.842Z,64,GET,/api/animais,200,0,9495.47,aws,1
2026-08-30T18:00:23.963Z,57,GET,/api/animais,200,0,9612.86,aws,1
2026-08-30T18:00:23.978Z,63,GET,/api/animais,200,0,9633.79,aws,1
2026-08-30T18:00:23.987Z,69,GET,/api/animais,200,0,9636.50,aws,1
2026-08-30T18:00:24.307Z,78,GET,/api/animais,200,0,9962.01,aws,1
2026-08-30T18:00:24.561Z,83,GET,/api/animais,200,0,10215.05,aws,1
2026-08-30T18:00:24.652Z,72,GET,/api/animais,200,0,10306.54,aws,1
2026-08-30T18:00:24.707Z,68,GET,/api/animais,200,0,10362.56,aws,1
2026-08-30T18:00:24.754Z,70,GET,/api/animais,200,0,10408.39,aws,1
2026-08-30T18:00:25.052Z,76,GET,/api/animais,200,0,10707.26,aws,1
2026-08-30T18:00:25.332Z,74,GET,/api/animais,200,0,10988.97,aws,1
2026-08-30T18:00:25.359Z,62,GET,/api/animais,200,0,11011.00,aws,1
2026-08-30T18:00:25.424Z,73,GET,/api/animais,200,0,11077.89,aws,1
2026-08-30T18:00:25.444Z,71,GET,/api/animais,200,0,11111.48,aws,1
2026-08-30T18:00:25.800Z,81,GET,/api/animais,200,0,11449.29,aws,1
2026-08-30T18:00:26.060Z,51,GET,/api/animais,200,0,11716.68,aws,1
2026-08-30T18:00:26.077Z,85,GET,/api/animais,200,0,11729.60,aws,1
2026-08-30T18:00:26.181Z,65,GET,/api/animais,200,0,11828.31,aws,1
2026-08-30T18:00:26.187Z,66,GET,/api/animais,200,0,11829.76,aws,1
2026-08-30T18:00:26.503Z,75,GET,/api/animais,200,0,12154.88,aws,1
2026-08-30T18:00:26.743Z,80,GET,/api/animais,200,0,12393.56,aws,1
2026-08-30T18:00:26.803Z,77,GET,/api/animais,200,0,12456.21,aws,1
2026-08-30T18:00:26.894Z,79,GET,/api/animais,200,0,12544.37,aws,1
2026-08-30T18:00:26.954Z,86,GET,/api/animais,200,0,12602.48,aws,1
2026-08-30T18:00:27.182Z,89,GET,/api/animais,200,0,12831.99,aws,1
2026-08-30T18:00:27.442Z,90,GET,/api/animais,200,0,13089.09,aws,1
2026-08-30T18:00:27.552Z,95,GET,/api/animais,200,0,13199.96,aws,1
2026-08-30T18:00:27.633Z,82,GET,/api/animais,200,0,13287.01,aws,1
2026-08-30T18:00:27.687Z,84,GET,/api/animais,200,0,13340.46,aws,1
2026-08-30T18:00:27.898Z,87,GET,/api/animais,200,0,13555.31,aws,1
2026-08-30T18:00:28.154Z,91,GET,/api/animais,200,0,13803.14,aws,1
2026-08-30T18:00:28.286Z,88,GET,/api/animais,200,0,13934.09,aws,1
2026-08-30T18:00:28.351Z,94,GET,/api/animais,200,0,14000.91,aws,1
2026-08-30T18:00:28.411Z,92,GET,/api/animais,200,0,14061.74,aws,1
2026-08-30T18:00:28.657Z,93,GET,/api/animais,200,0,14301.47,aws,1
2026-08-30T18:00:28.735Z,3,POST,/api/sync,200,1,13695.03,aws,1
2026-08-30T18:00:28.760Z,5,POST,/api/sync,200,1,13676.96,aws,1
2026-08-30T18:00:28.784Z,1,POST,/api/sync,200,1,13694.92,aws,1
2026-08-30T18:00:28.808Z,12,POST,/api/sync,200,1,13324.47,aws,1
2026-08-30T18:00:28.833Z,8,POST,/api/sync,200,1,13336.76,aws,1
2026-08-30T18:00:28.860Z,2,POST,/api/sync,200,1,13333.41,aws,1
2026-08-30T18:00:28.865Z,99,GET,/api/animais,200,0,14508.22,aws,1
2026-08-30T18:00:28.872Z,6,POST,/api/sync,200,1,12838.43,aws,1
2026-08-30T18:00:28.900Z,10,POST,/api/sync,200,1,12846.26,aws,1
2026-08-30T18:00:28.928Z,7,POST,/api/sync,200,1,12309.16,aws,1
2026-08-30T18:00:28.947Z,19,POST,/api/sync,200,1,12290.85,aws,1
2026-08-30T18:00:28.983Z,9,POST,/api/sync,200,1,12214.30,aws,1
2026-08-30T18:00:28.985Z,17,POST,/api/sync,200,1,11770.37,aws,1
2026-08-30T18:00:28.989Z,100,GET,/api/animais,200,0,14618.58,aws,1
2026-08-30T18:00:29.005Z,13,POST,/api/sync,200,1,11640.05,aws,1
2026-08-30T18:00:29.029Z,4,POST,/api/sync,200,1,12949.24,aws,1
2026-08-30T18:00:29.036Z,98,GET,/api/animais,200,0,14669.10,aws,1
2026-08-30T18:00:29.041Z,14,POST,/api/sync,200,1,11660.45,aws,1
2026-08-30T18:00:29.056Z,21,POST,/api/sync,200,1,11623.09,aws,1
2026-08-30T18:00:29.082Z,22,POST,/api/sync,200,1,11591.88,aws,1
2026-08-30T18:00:29.085Z,96,GET,/api/animais,200,0,14725.13,aws,1
2026-08-30T18:00:29.095Z,25,POST,/api/sync,200,1,10981.48,aws,1
2026-08-30T18:00:29.120Z,23,POST,/api/sync,200,1,11216.87,aws,1
2026-08-30T18:00:29.125Z,97,GET,/api/animais,200,0,14768.73,aws,1
2026-08-30T18:00:29.131Z,15,POST,/api/sync,200,1,12420.49,aws,1
2026-08-30T18:00:29.152Z,20,POST,/api/sync,200,1,10473.67,aws,1
2026-08-30T18:00:29.168Z,27,POST,/api/sync,200,1,11047.96,aws,1
2026-08-30T18:00:29.187Z,18,POST,/api/sync,200,1,10997.22,aws,1
2026-08-30T18:00:29.206Z,24,POST,/api/sync,200,1,10383.11,aws,1
2026-08-30T18:00:29.225Z,35,POST,/api/sync,200,1,10320.23,aws,1
2026-08-30T18:00:29.243Z,31,POST,/api/sync,200,1,10400.85,aws,1
2026-08-30T18:00:29.262Z,28,POST,/api/sync,200,1,10410.45,aws,1
2026-08-30T18:00:29.281Z,34,POST,/api/sync,200,1,9679.46,aws,1
2026-08-30T18:00:29.302Z,29,POST,/api/sync,200,1,9931.73,aws,1
2026-08-30T18:00:29.318Z,26,POST,/api/sync,200,1,9771.62,aws,1
2026-08-30T18:00:29.338Z,41,POST,/api/sync,200,1,9257.11,aws,1
2026-08-30T18:00:29.355Z,30,POST,/api/sync,200,1,9104.48,aws,1
2026-08-30T18:00:29.374Z,33,POST,/api/sync,200,1,9755.50,aws,1
2026-08-30T18:00:29.393Z,32,POST,/api/sync,200,1,9065.02,aws,1
2026-08-30T18:00:29.412Z,46,POST,/api/sync,200,1,9045.01,aws,1
2026-08-30T18:00:29.432Z,40,POST,/api/sync,200,1,9806.96,aws,1
2026-08-30T18:00:29.450Z,44,POST,/api/sync,200,1,8483.49,aws,1
2026-08-30T18:00:29.467Z,37,POST,/api/sync,200,1,8475.29,aws,1
2026-08-30T18:00:29.486Z,36,POST,/api/sync,200,1,8699.79,aws,1
2026-08-30T18:00:29.506Z,38,POST,/api/sync,200,1,9193.16,aws,1
2026-08-30T18:00:29.524Z,39,POST,/api/sync,200,1,8465.47,aws,1
2026-08-30T18:00:29.542Z,49,POST,/api/sync,200,1,8044.54,aws,1
2026-08-30T18:00:29.563Z,43,POST,/api/sync,200,1,8446.21,aws,1
2026-08-30T18:00:29.581Z,42,POST,/api/sync,200,1,7751.03,aws,1
2026-08-30T18:00:29.602Z,45,POST,/api/sync,200,1,7897.41,aws,1
2026-08-30T18:00:29.619Z,50,POST,/api/sync,200,1,7895.17,aws,1
2026-08-30T18:00:29.655Z,52,POST,/api/sync,200,1,7467.02,aws,1
2026-08-30T18:00:29.658Z,55,POST,/api/sync,200,1,7289.78,aws,1
2026-08-30T18:00:29.674Z,48,POST,/api/sync,200,1,7210.79,aws,1
2026-08-30T18:00:29.693Z,56,POST,/api/sync,200,1,7105.11,aws,1
2026-08-30T18:00:29.713Z,53,POST,/api/sync,200,1,6844.05,aws,1
2026-08-30T18:00:29.729Z,60,POST,/api/sync,200,1,7149.07,aws,1
2026-08-30T18:00:29.752Z,59,POST,/api/sync,200,1,6526.27,aws,1
2026-08-30T18:00:29.771Z,61,POST,/api/sync,200,1,6498.00,aws,1
2026-08-30T18:00:29.790Z,67,POST,/api/sync,200,1,6475.86,aws,1
2026-08-30T18:00:29.808Z,47,POST,/api/sync,200,1,6196.86,aws,1
2026-08-30T18:00:29.827Z,64,POST,/api/sync,200,1,5983.65,aws,1
2026-08-30T18:00:29.847Z,57,POST,/api/sync,200,1,5883.00,aws,1
2026-08-30T18:00:29.867Z,63,POST,/api/sync,200,1,5887.61,aws,1
2026-08-30T18:00:29.885Z,69,POST,/api/sync,200,1,5896.87,aws,1
2026-08-30T18:00:29.901Z,78,POST,/api/sync,200,1,5593.16,aws,1
2026-08-30T18:00:29.922Z,83,POST,/api/sync,200,1,5359.97,aws,1
2026-08-30T18:00:29.940Z,11,POST,/api/sync,200,1,13824.06,aws,1
2026-08-30T18:00:29.960Z,68,POST,/api/sync,200,1,5251.47,aws,1
2026-08-30T18:00:29.979Z,70,POST,/api/sync,200,1,5223.55,aws,1
2026-08-30T18:00:29.997Z,72,POST,/api/sync,200,1,5343.45,aws,1
2026-08-30T18:00:30.014Z,74,POST,/api/sync,200,1,4681.76,aws,1
2026-08-30T18:00:30.033Z,62,POST,/api/sync,200,1,4673.16,aws,1
2026-08-30T18:00:30.051Z,76,POST,/api/sync,200,1,4998.32,aws,1
2026-08-30T18:00:30.072Z,71,POST,/api/sync,200,1,4627.63,aws,1
2026-08-30T18:00:30.090Z,81,POST,/api/sync,200,1,4289.24,aws,1
2026-08-30T18:00:30.109Z,73,POST,/api/sync,200,1,4682.99,aws,1
2026-08-30T18:00:30.128Z,85,POST,/api/sync,200,1,4048.47,aws,1
2026-08-30T18:00:30.159Z,65,POST,/api/sync,200,1,3977.06,aws,1
2026-08-30T18:00:30.162Z,51,POST,/api/sync,200,1,4101.03,aws,1
2026-08-30T18:00:30.178Z,75,POST,/api/sync,200,1,3674.06,aws,1
2026-08-30T18:00:30.197Z,80,POST,/api/sync,200,1,3453.29,aws,1
2026-08-30T18:00:30.217Z,66,POST,/api/sync,200,1,4029.01,aws,1
2026-08-30T18:00:30.235Z,79,POST,/api/sync,200,1,3339.21,aws,1
2026-08-30T18:00:30.253Z,86,POST,/api/sync,200,1,3297.89,aws,1
2026-08-30T18:00:30.270Z,77,POST,/api/sync,200,1,3466.35,aws,1
2026-08-30T18:00:30.290Z,90,POST,/api/sync,200,1,2847.50,aws,1
2026-08-30T18:00:30.309Z,16,POST,/api/sync,200,1,12200.29,aws,1
2026-08-30T18:00:30.326Z,89,POST,/api/sync,200,1,3142.93,aws,1
2026-08-30T18:00:30.345Z,95,POST,/api/sync,200,1,2792.52,aws,1
2026-08-30T18:00:30.364Z,87,POST,/api/sync,200,1,2465.74,aws,1
2026-08-30T18:00:30.386Z,91,POST,/api/sync,200,1,2231.95,aws,1
2026-08-30T18:00:30.423Z,84,POST,/api/sync,200,1,2735.55,aws,1
2026-08-30T18:00:30.426Z,88,POST,/api/sync,200,1,2139.39,aws,1
2026-08-30T18:00:30.462Z,54,POST,/api/sync,200,1,7364.28,aws,1
2026-08-30T18:00:30.472Z,93,POST,/api/sync,200,1,1814.42,aws,1
2026-08-30T18:00:30.479Z,94,POST,/api/sync,200,1,2127.36,aws,1
2026-08-30T18:00:30.500Z,82,POST,/api/sync,200,1,2866.04,aws,1
2026-08-30T18:00:30.501Z,92,POST,/api/sync,200,1,2089.54,aws,1
2026-08-30T18:00:30.531Z,58,POST,/api/sync,200,1,8691.98,aws,1
2026-08-30T18:00:31.317Z,99,POST,/api/sync,200,1,2451.11,aws,1
2026-08-30T18:00:31.416Z,3,GET,/api/animais,200,0,2548.85,aws,1
2026-08-30T18:00:31.425Z,5,GET,/api/animais,200,0,2535.76,aws,1
2026-08-30T18:00:31.431Z,12,GET,/api/animais,200,0,2495.24,aws,1
2026-08-30T18:00:31.485Z,1,GET,/api/animais,200,0,2538.69,aws,1
2026-08-30T18:00:31.488Z,8,GET,/api/animais,200,0,2489.91,aws,1
2026-08-30T18:00:32.154Z,100,POST,/api/sync,200,1,3163.36,aws,1
2026-08-30T18:00:32.213Z,98,POST,/api/sync,200,1,3175.83,aws,1
2026-08-30T18:00:32.250Z,10,GET,/api/animais,200,0,3211.39,aws,1
2026-08-30T18:00:32.259Z,19,GET,/api/animais,200,0,3171.57,aws,1
2026-08-30T18:00:32.269Z,2,GET,/api/animais,200,0,3272.67,aws,1
2026-08-30T18:00:32.287Z,7,GET,/api/animais,200,0,3222.65,aws,1
2026-08-30T18:00:32.334Z,6,GET,/api/animais,200,0,3322.72,aws,1
2026-08-30T18:00:32.991Z,96,POST,/api/sync,200,1,3905.78,aws,1
2026-08-30T18:00:33.047Z,97,POST,/api/sync,200,1,3921.77,aws,1
2026-08-30T18:00:33.056Z,13,GET,/api/animais,200,0,3919.44,aws,1
2026-08-30T18:00:33.099Z,17,GET,/api/animais,200,0,3977.33,aws,1
2026-08-30T18:00:33.107Z,9,GET,/api/animais,200,0,3986.66,aws,1
2026-08-30T18:00:33.128Z,4,GET,/api/animais,200,0,3963.71,aws,1
2026-08-30T18:00:33.168Z,14,GET,/api/animais,200,0,3990.93,aws,1
2026-08-30T18:00:33.894Z,21,GET,/api/animais,200,0,4702.74,aws,1
2026-08-30T18:00:33.928Z,22,GET,/api/animais,200,0,4711.17,aws,1
2026-08-30T18:00:33.944Z,25,GET,/api/animais,200,0,4712.93,aws,1
2026-08-30T18:00:33.970Z,23,GET,/api/animais,200,0,4713.27,aws,1
2026-08-30T18:00:34.012Z,15,GET,/api/animais,200,0,4744.83,aws,1
2026-08-30T18:00:34.681Z,20,GET,/api/animais,200,0,5393.26,aws,1
2026-08-30T18:00:34.695Z,27,GET,/api/animais,200,0,5390.27,aws,1
2026-08-30T18:00:34.829Z,24,GET,/api/animais,200,0,5484.52,aws,1
2026-08-30T18:00:34.855Z,18,GET,/api/animais,200,0,5534.16,aws,1
2026-08-30T18:00:34.885Z,35,GET,/api/animais,200,0,5524.72,aws,1
2026-08-30T18:00:35.470Z,31,GET,/api/animais,200,0,6095.21,aws,1
2026-08-30T18:00:35.564Z,28,GET,/api/animais,200,0,6137.48,aws,1
2026-08-30T18:00:35.708Z,34,GET,/api/animais,200,0,6274.47,aws,1
2026-08-30T18:00:35.747Z,26,GET,/api/animais,200,0,6275.75,aws,1
2026-08-30T18:00:35.751Z,29,GET,/api/animais,200,0,6277.32,aws,1
2026-08-30T18:00:36.437Z,30,GET,/api/animais,200,0,6898.47,aws,1
2026-08-30T18:00:36.440Z,41,GET,/api/animais,200,0,6914.67,aws,1
2026-08-30T18:00:36.444Z,33,GET,/api/animais,200,0,6932.61,aws,1
2026-08-30T18:00:36.651Z,46,GET,/api/animais,200,0,7040.10,aws,1
2026-08-30T18:00:36.655Z,32,GET,/api/animais,200,0,7040.67,aws,1
2026-08-30T18:00:37.262Z,40,GET,/api/animais,200,0,7617.71,aws,1
2026-08-30T18:00:37.267Z,44,GET,/api/animais,200,0,7600.65,aws,1
2026-08-30T18:00:37.473Z,36,GET,/api/animais,200,0,7801.23,aws,1
2026-08-30T18:00:37.479Z,38,GET,/api/animais,200,0,7813.46,aws,1
2026-08-30T18:00:37.486Z,37,GET,/api/animais,200,0,7786.84,aws,1
2026-08-30T18:00:38.085Z,39,GET,/api/animais,200,0,8345.33,aws,1
2026-08-30T18:00:38.090Z,49,GET,/api/animais,200,0,8325.65,aws,1
2026-08-30T18:00:38.294Z,43,GET,/api/animais,200,0,8512.00,aws,1
2026-08-30T18:00:38.296Z,42,GET,/api/animais,200,0,8495.01,aws,1
2026-08-30T18:00:38.300Z,45,GET,/api/animais,200,0,8559.70,aws,1
2026-08-30T18:00:38.906Z,50,GET,/api/animais,200,0,9068.23,aws,1
2026-08-30T18:00:38.936Z,52,GET,/api/animais,200,0,9031.46,aws,1
2026-08-30T18:00:38.939Z,55,GET,/api/animais,200,0,9085.71,aws,1
2026-08-30T18:00:39.100Z,48,GET,/api/animais,200,0,9281.12,aws,1
2026-08-30T18:00:39.313Z,56,GET,/api/animais,200,0,9402.27,aws,1
2026-08-30T18:00:39.720Z,53,GET,/api/animais,200,0,9805.63,aws,1
2026-08-30T18:00:39.725Z,60,GET,/api/animais,200,0,9807.33,aws,1
2026-08-30T18:00:39.730Z,59,GET,/api/animais,200,0,9832.12,aws,1
2026-08-30T18:00:39.926Z,61,GET,/api/animais,200,0,10008.70,aws,1
2026-08-30T18:00:40.129Z,67,GET,/api/animais,200,0,10125.01,aws,1
2026-08-30T18:00:40.485Z,64,GET,/api/animais,200,0,10521.17,aws,1
2026-08-30T18:00:40.500Z,47,GET,/api/animais,200,0,10556.02,aws,1
2026-08-30T18:00:40.584Z,57,GET,/api/animais,200,0,10603.87,aws,1
2026-08-30T18:00:40.737Z,63,GET,/api/animais,200,0,10732.97,aws,1
2026-08-30T18:00:40.759Z,69,GET,/api/animais,200,0,10737.51,aws,1
2026-08-30T18:00:41.294Z,78,GET,/api/animais,200,0,11260.07,aws,1
2026-08-30T18:00:41.360Z,83,GET,/api/animais,200,0,11304.74,aws,1
2026-08-30T18:00:41.391Z,11,GET,/api/animais,200,0,11317.59,aws,1
2026-08-30T18:00:41.548Z,68,GET,/api/animais,200,0,11457.97,aws,1
2026-08-30T18:00:41.631Z,70,GET,/api/animais,200,0,11518.48,aws,1
2026-08-30T18:00:42.145Z,72,GET,/api/animais,200,0,12011.13,aws,1
2026-08-30T18:00:42.203Z,62,GET,/api/animais,200,0,12032.19,aws,1
2026-08-30T18:00:42.229Z,74,GET,/api/animais,200,0,12076.79,aws,1
2026-08-30T18:00:42.377Z,76,GET,/api/animais,200,0,12186.14,aws,1
2026-08-30T18:00:42.507Z,71,GET,/api/animais,200,0,12299.12,aws,1
2026-08-30T18:00:42.976Z,81,GET,/api/animais,200,0,12752.40,aws,1
2026-08-30T18:00:43.030Z,85,GET,/api/animais,200,0,12768.09,aws,1
2026-08-30T18:00:43.085Z,73,GET,/api/animais,200,0,12841.46,aws,1
2026-08-30T18:00:43.216Z,65,GET,/api/animais,200,0,12919.38,aws,1
2026-08-30T18:00:43.246Z,51,GET,/api/animais,200,0,12948.03,aws,1
2026-08-30T18:00:43.833Z,75,GET,/api/animais,200,0,13517.85,aws,1
2026-08-30T18:00:43.871Z,80,GET,/api/animais,200,0,13538.36,aws,1
2026-08-30T18:00:43.918Z,66,GET,/api/animais,200,0,13570.21,aws,1
2026-08-30T18:00:44.047Z,79,GET,/api/animais,200,0,13674.38,aws,1
2026-08-30T18:00:44.083Z,86,GET,/api/animais,200,0,13694.18,aws,1
2026-08-30T18:00:44.647Z,77,GET,/api/animais,200,0,14242.34,aws,1
2026-08-30T18:00:44.739Z,90,GET,/api/animais,200,0,14315.64,aws,1
2026-08-30T18:00:44.777Z,16,GET,/api/animais,200,0,14328.75,aws,1
2026-08-30T18:00:44.787Z,89,GET,/api/animais,200,0,14324.08,aws,1
2026-08-30T18:00:44.928Z,95,GET,/api/animais,200,0,14443.41,aws,1
2026-08-30T18:00:45.467Z,87,GET,/api/animais,200,0,14969.77,aws,1
2026-08-30T18:00:45.513Z,91,GET,/api/animais,200,0,14997.82,aws,1
2026-08-30T18:00:45.632Z,84,GET,/api/animais,200,0,15073.72,aws,1
2026-08-30T18:00:45.695Z,88,GET,/api/animais,200,0,15133.25,aws,1
2026-08-30T18:00:45.729Z,54,GET,/api/animais,200,0,15128.41,aws,1
2026-08-30T18:00:46.193Z,3,POST,/api/sync,200,1,14776.45,aws,1
2026-08-30T18:00:46.207Z,5,POST,/api/sync,200,1,14781.11,aws,1
2026-08-30T18:00:46.220Z,12,POST,/api/sync,200,1,14787.54,aws,1
2026-08-30T18:00:46.234Z,8,POST,/api/sync,200,1,14746.19,aws,1
2026-08-30T18:00:46.248Z,1,POST,/api/sync,200,1,14761.43,aws,1
2026-08-30T18:00:46.293Z,93,GET,/api/animais,200,0,15684.47,aws,1
2026-08-30T18:00:46.310Z,94,GET,/api/animais,200,0,15696.97,aws,1
2026-08-30T18:00:46.423Z,10,POST,/api/sync,200,1,14172.35,aws,1
2026-08-30T18:00:46.439Z,19,POST,/api/sync,200,1,14178.85,aws,1
2026-08-30T18:00:46.450Z,2,POST,/api/sync,200,1,14180.88,aws,1
2026-08-30T18:00:46.461Z,7,POST,/api/sync,200,1,14172.84,aws,1
2026-08-30T18:00:46.477Z,6,POST,/api/sync,200,1,14142.95,aws,1
2026-08-30T18:00:46.492Z,58,GET,/api/animais,200,0,15825.33,aws,1
2026-08-30T18:00:46.550Z,82,GET,/api/animais,200,0,15909.40,aws,1
2026-08-30T18:00:46.573Z,92,GET,/api/animais,200,0,15929.26,aws,1
2026-08-30T18:00:47.035Z,13,POST,/api/sync,200,1,13978.89,aws,1
2026-08-30T18:00:47.056Z,17,POST,/api/sync,200,1,13956.28,aws,1
2026-08-30T18:00:47.074Z,9,POST,/api/sync,200,1,13965.73,aws,1
2026-08-30T18:00:47.088Z,4,POST,/api/sync,200,1,13958.73,aws,1
2026-08-30T18:00:47.100Z,14,POST,/api/sync,200,1,13931.84,aws,1
2026-08-30T18:00:47.114Z,21,POST,/api/sync,200,1,13219.29,aws,1
2026-08-30T18:00:47.123Z,22,POST,/api/sync,200,1,13193.63,aws,1
2026-08-30T18:00:47.133Z,25,POST,/api/sync,200,1,13187.86,aws,1
2026-08-30T18:00:47.143Z,23,POST,/api/sync,200,1,13172.11,aws,1
2026-08-30T18:00:47.147Z,99,GET,/api/animais,200,0,15693.57,aws,1
2026-08-30T18:00:47.158Z,20,POST,/api/sync,200,1,12475.62,aws,1
2026-08-30T18:00:47.175Z,24,POST,/api/sync,200,1,12344.75,aws,1
2026-08-30T18:00:47.180Z,27,POST,/api/sync,200,1,12483.72,aws,1
2026-08-30T18:00:47.190Z,18,POST,/api/sync,200,1,12334.86,aws,1
2026-08-30T18:00:47.202Z,35,POST,/api/sync,200,1,12315.69,aws,1
2026-08-30T18:00:47.208Z,100,GET,/api/animais,200,0,14915.17,aws,1
2026-08-30T18:00:47.211Z,28,POST,/api/sync,200,1,11645.87,aws,1
2026-08-30T18:00:47.218Z,29,POST,/api/sync,200,1,11466.28,aws,1
2026-08-30T18:00:47.229Z,30,POST,/api/sync,200,1,10790.28,aws,1
2026-08-30T18:00:47.238Z,41,POST,/api/sync,200,1,10797.03,aws,1
2026-08-30T18:00:47.246Z,34,POST,/api/sync,200,1,11536.99,aws,1
2026-08-30T18:00:47.255Z,98,GET,/api/animais,200,0,14907.00,aws,1
2026-08-30T18:00:47.256Z,46,POST,/api/sync,200,1,10604.99,aws,1
2026-08-30T18:00:47.264Z,32,POST,/api/sync,200,1,10608.65,aws,1
2026-08-30T18:00:47.276Z,40,POST,/api/sync,200,1,10012.68,aws,1
2026-08-30T18:00:47.286Z,44,POST,/api/sync,200,1,10018.12,aws,1
2026-08-30T18:00:47.295Z,31,POST,/api/sync,200,1,11823.92,aws,1
2026-08-30T18:00:47.302Z,33,POST,/api/sync,200,1,10856.74,aws,1
2026-08-30T18:00:47.313Z,37,POST,/api/sync,200,1,9825.56,aws,1
2026-08-30T18:00:47.327Z,96,GET,/api/animais,200,0,14188.61,aws,1
2026-08-30T18:00:47.329Z,39,POST,/api/sync,200,1,9236.55,aws,1
2026-08-30T18:00:47.346Z,49,POST,/api/sync,200,1,9254.64,aws,1
2026-08-30T18:00:47.349Z,36,POST,/api/sync,200,1,9875.68,aws,1
2026-08-30T18:00:47.352Z,97,GET,/api/animais,200,0,14152.73,aws,1
2026-08-30T18:00:47.354Z,43,POST,/api/sync,200,1,9059.51,aws,1
2026-08-30T18:00:47.362Z,42,POST,/api/sync,200,1,9065.49,aws,1
2026-08-30T18:00:47.371Z,45,POST,/api/sync,200,1,9070.75,aws,1
2026-08-30T18:00:47.381Z,50,POST,/api/sync,200,1,8473.53,aws,1
2026-08-30T18:00:47.390Z,52,POST,/api/sync,200,1,8453.76,aws,1
2026-08-30T18:00:47.395Z,26,POST,/api/sync,200,1,11646.13,aws,1
2026-08-30T18:00:47.406Z,48,POST,/api/sync,200,1,8304.95,aws,1
2026-08-30T18:00:47.416Z,56,POST,/api/sync,200,1,8102.05,aws,1
2026-08-30T18:00:47.425Z,53,POST,/api/sync,200,1,7703.72,aws,1
2026-08-30T18:00:47.432Z,59,POST,/api/sync,200,1,7701.85,aws,1
2026-08-30T18:00:47.444Z,61,POST,/api/sync,200,1,7516.86,aws,1
2026-08-30T18:00:47.452Z,67,POST,/api/sync,200,1,7322.74,aws,1
2026-08-30T18:00:47.463Z,64,POST,/api/sync,200,1,6977.86,aws,1
2026-08-30T18:00:47.471Z,55,POST,/api/sync,200,1,8530.86,aws,1
2026-08-30T18:00:47.479Z,60,POST,/api/sync,200,1,7752.67,aws,1
2026-08-30T18:00:47.489Z,63,POST,/api/sync,200,1,6750.62,aws,1
2026-08-30T18:00:47.500Z,69,POST,/api/sync,200,1,6740.88,aws,1
2026-08-30T18:00:47.510Z,47,POST,/api/sync,200,1,7009.73,aws,1
2026-08-30T18:00:47.516Z,57,POST,/api/sync,200,1,6930.91,aws,1
2026-08-30T18:00:47.526Z,11,POST,/api/sync,200,1,6134.61,aws,1
2026-08-30T18:00:47.536Z,38,POST,/api/sync,200,1,10056.84,aws,1
2026-08-30T18:00:47.543Z,78,POST,/api/sync,200,1,6248.64,aws,1
2026-08-30T18:00:47.554Z,83,POST,/api/sync,200,1,6192.20,aws,1
2026-08-30T18:00:47.564Z,62,POST,/api/sync,200,1,5359.84,aws,1
2026-08-30T18:00:47.570Z,68,POST,/api/sync,200,1,6020.30,aws,1
2026-08-30T18:00:47.580Z,70,POST,/api/sync,200,1,5948.37,aws,1
2026-08-30T18:00:47.588Z,72,POST,/api/sync,200,1,5442.44,aws,1
2026-08-30T18:00:47.598Z,81,POST,/api/sync,200,1,4621.26,aws,1
2026-08-30T18:00:47.605Z,74,POST,/api/sync,200,1,5375.56,aws,1
2026-08-30T18:00:47.614Z,76,POST,/api/sync,200,1,5235.49,aws,1
2026-08-30T18:00:47.624Z,65,POST,/api/sync,200,1,4407.13,aws,1
2026-08-30T18:00:47.634Z,51,POST,/api/sync,200,1,4387.05,aws,1
2026-08-30T18:00:47.641Z,85,POST,/api/sync,200,1,4610.67,aws,1
2026-08-30T18:00:47.650Z,73,POST,/api/sync,200,1,4565.08,aws,1
2026-08-30T18:00:47.664Z,80,POST,/api/sync,200,1,3792.46,aws,1
2026-08-30T18:00:47.669Z,66,POST,/api/sync,200,1,3750.07,aws,1
2026-08-30T18:00:47.681Z,79,POST,/api/sync,200,1,3632.24,aws,1
2026-08-30T18:00:47.689Z,86,POST,/api/sync,200,1,3604.02,aws,1
2026-08-30T18:00:47.723Z,90,POST,/api/sync,200,1,2983.15,aws,1
2026-08-30T18:00:47.728Z,89,POST,/api/sync,200,1,2941.17,aws,1
2026-08-30T18:00:47.729Z,16,POST,/api/sync,200,1,2951.34,aws,1
2026-08-30T18:00:47.737Z,95,POST,/api/sync,200,1,2808.51,aws,1
2026-08-30T18:00:47.749Z,87,POST,/api/sync,200,1,2280.91,aws,1
2026-08-30T18:00:47.754Z,75,POST,/api/sync,200,1,3920.05,aws,1
2026-08-30T18:00:47.763Z,91,POST,/api/sync,200,1,2249.03,aws,1
2026-08-30T18:00:47.769Z,15,POST,/api/sync,200,1,13756.48,aws,1
2026-08-30T18:00:47.781Z,88,POST,/api/sync,200,1,2083.75,aws,1
2026-08-30T18:00:47.792Z,54,POST,/api/sync,200,1,2062.25,aws,1
2026-08-30T18:00:47.802Z,84,POST,/api/sync,200,1,2169.08,aws,1
2026-08-30T18:00:47.824Z,71,POST,/api/sync,200,1,5317.31,aws,1
2026-08-30T18:00:47.873Z,77,POST,/api/sync,200,1,3225.31,aws,1
2026-08-30T18:00:48.584Z,93,POST,/api/sync,200,1,2291.22,aws,1
2026-08-30T18:00:48.603Z,94,POST,/api/sync,200,1,2291.90,aws,1
2026-08-30T18:00:48.694Z,3,GET,/api/animais,200,0,2366.62,aws,1
2026-08-30T18:00:48.821Z,8,GET,/api/animais,200,0,2455.85,aws,1
2026-08-30T18:00:48.869Z,5,GET,/api/animais,200,0,2530.51,aws,1
2026-08-30T18:00:48.912Z,12,GET,/api/animais,200,0,2555.48,aws,1
2026-08-30T18:00:48.959Z,1,GET,/api/animais,200,0,2578.32,aws,1
2026-08-30T18:00:49.520Z,58,POST,/api/sync,200,1,3027.67,aws,1
2026-08-30T18:00:49.537Z,82,POST,/api/sync,200,1,2985.42,aws,1
2026-08-30T18:00:49.552Z,92,POST,/api/sync,200,1,2977.55,aws,1
2026-08-30T18:00:49.644Z,10,GET,/api/animais,200,0,3079.90,aws,1
2026-08-30T18:00:49.739Z,19,GET,/api/animais,200,0,3166.47,aws,1
2026-08-30T18:00:49.857Z,2,GET,/api/animais,200,0,3265.35,aws,1
2026-08-30T18:00:49.874Z,6,GET,/api/animais,200,0,3256.32,aws,1
2026-08-30T18:00:49.903Z,7,GET,/api/animais,200,0,3310.67,aws,1
2026-08-30T18:00:50.661Z,13,GET,/api/animais,200,0,3458.02,aws,1
2026-08-30T18:00:50.706Z,17,GET,/api/animais,200,0,3513.35,aws,1
2026-08-30T18:00:50.756Z,99,POST,/api/sync,200,1,3608.26,aws,1
2026-08-30T18:00:50.785Z,9,GET,/api/animais,200,0,3573.23,aws,1
2026-08-30T18:00:50.838Z,14,GET,/api/animais,200,0,3598.25,aws,1
2026-08-30T18:00:50.878Z,4,GET,/api/animais,200,0,3644.63,aws,1
2026-08-30T18:00:51.554Z,21,GET,/api/animais,200,0,4299.30,aws,1
2026-08-30T18:00:51.683Z,22,GET,/api/animais,200,0,4422.63,aws,1
2026-08-30T18:00:51.718Z,100,POST,/api/sync,200,1,4509.18,aws,1
2026-08-30T18:00:51.740Z,25,GET,/api/animais,200,0,4473.94,aws,1
2026-08-30T18:00:51.762Z,23,GET,/api/animais,200,0,4482.48,aws,1
2026-08-30T18:00:51.832Z,20,GET,/api/animais,200,0,4537.61,aws,1
2026-08-30T18:00:52.498Z,24,GET,/api/animais,200,0,5189.62,aws,1
2026-08-30T18:00:52.584Z,27,GET,/api/animais,200,0,5269.96,aws,1
2026-08-30T18:00:52.678Z,35,GET,/api/animais,200,0,5342.69,aws,1
2026-08-30T18:00:52.699Z,98,POST,/api/sync,200,1,5443.66,aws,1
2026-08-30T18:00:52.721Z,18,GET,/api/animais,200,0,5370.73,aws,1
2026-08-30T18:00:52.810Z,28,GET,/api/animais,200,0,5463.87,aws,1
2026-08-30T18:00:53.487Z,29,GET,/api/animais,200,0,6129.94,aws,1
2026-08-30T18:00:53.519Z,30,GET,/api/animais,200,0,6154.96,aws,1
2026-08-30T18:00:53.558Z,41,GET,/api/animais,200,0,6182.68,aws,1
2026-08-30T18:00:53.646Z,34,GET,/api/animais,200,0,6263.89,aws,1
2026-08-30T18:00:53.802Z,46,GET,/api/animais,200,0,6409.37,aws,1
2026-08-30T18:00:54.350Z,96,POST,/api/sync,200,1,7013.14,aws,1
2026-08-30T18:00:54.452Z,40,GET,/api/animais,200,0,7033.77,aws,1
2026-08-30T18:00:54.462Z,32,GET,/api/animais,200,0,7064.63,aws,1
2026-08-30T18:00:54.535Z,31,GET,/api/animais,200,0,7105.02,aws,1
2026-08-30T18:00:54.571Z,44,GET,/api/animais,200,0,7148.03,aws,1
2026-08-30T18:00:54.643Z,97,POST,/api/sync,200,1,7289.71,aws,1
2026-08-30T18:00:54.757Z,33,GET,/api/animais,200,0,7319.43,aws,1
2026-08-30T18:00:55.336Z,37,GET,/api/animais,200,0,7895.91,aws,1
2026-08-30T18:00:55.437Z,49,GET,/api/animais,200,0,7961.38,aws,1
2026-08-30T18:00:55.455Z,39,GET,/api/animais,200,0,7992.97,aws,1
2026-08-30T18:00:55.544Z,36,GET,/api/animais,200,0,8060.77,aws,1
2026-08-30T18:00:55.732Z,43,GET,/api/animais,200,0,8243.19,aws,1
2026-08-30T18:00:56.307Z,42,GET,/api/animais,200,0,8809.44,aws,1
2026-08-30T18:00:56.434Z,50,GET,/api/animais,200,0,8912.81,aws,1
2026-08-30T18:00:56.451Z,52,GET,/api/animais,200,0,8922.78,aws,1
2026-08-30T18:00:56.462Z,45,GET,/api/animais,200,0,8951.20,aws,1
2026-08-30T18:00:56.726Z,26,GET,/api/animais,200,0,9188.96,aws,1
2026-08-30T18:00:57.269Z,48,GET,/api/animais,200,0,9727.84,aws,1
2026-08-30T18:00:57.367Z,53,GET,/api/animais,200,0,9807.97,aws,1
2026-08-30T18:00:57.397Z,56,GET,/api/animais,200,0,9845.48,aws,1
2026-08-30T18:00:57.420Z,59,GET,/api/animais,200,0,9852.67,aws,1
2026-08-30T18:00:57.695Z,61,GET,/api/animais,200,0,10109.48,aws,1
2026-08-30T18:00:58.221Z,67,GET,/api/animais,200,0,10635.14,aws,1
2026-08-30T18:00:58.328Z,64,GET,/api/animais,200,0,10727.98,aws,1
2026-08-30T18:00:58.342Z,60,GET,/api/animais,200,0,10725.86,aws,1
2026-08-30T18:00:58.382Z,55,GET,/api/animais,200,0,10777.04,aws,1
2026-08-30T18:00:58.625Z,63,GET,/api/animais,200,0,11002.35,aws,1
2026-08-30T18:00:59.196Z,69,GET,/api/animais,200,0,11561.08,aws,1
2026-08-30T18:00:59.273Z,47,GET,/api/animais,200,0,11628.57,aws,1
2026-08-30T18:00:59.286Z,11,GET,/api/animais,200,0,11626.21,aws,1
2026-08-30T18:00:59.296Z,57,GET,/api/animais,200,0,11646.72,aws,1
2026-08-30T18:00:59.543Z,38,GET,/api/animais,200,0,11870.88,aws,1
2026-08-30T18:01:00.201Z,78,GET,/api/animais,200,0,12404.24,aws,1
2026-08-30T18:01:00.407Z,68,GET,/api/animais,200,0,12621.97,aws,1
2026-08-30T18:01:00.417Z,62,GET,/api/animais,200,0,12626.72,aws,1
2026-08-30T18:01:00.422Z,83,GET,/api/animais,200,0,12635.22,aws,1
2026-08-30T18:01:00.568Z,70,GET,/api/animais,200,0,12814.06,aws,1
2026-08-30T18:01:01.218Z,72,GET,/api/animais,200,0,13428.18,aws,1
2026-08-30T18:01:01.428Z,81,GET,/api/animais,200,0,13615.23,aws,1
2026-08-30T18:01:01.432Z,65,GET,/api/animais,200,0,13590.42,aws,1
2026-08-30T18:01:01.436Z,74,GET,/api/animais,200,0,13608.80,aws,1
2026-08-30T18:01:01.626Z,76,GET,/api/animais,200,0,13806.03,aws,1
2026-08-30T18:01:02.040Z,51,GET,/api/animais,200,0,14256.07,aws,1
2026-08-30T18:01:02.246Z,73,GET,/api/animais,200,0,14419.98,aws,1
2026-08-30T18:01:02.253Z,85,GET,/api/animais,200,0,14410.79,aws,1
2026-08-30T18:01:02.375Z,80,GET,/api/animais,200,0,14576.00,aws,1
2026-08-30T18:01:02.515Z,66,GET,/api/animais,200,0,14714.23,aws,1
2026-08-30T18:01:02.907Z,79,GET,/api/animais,200,0,15087.98,aws,1
2026-08-30T18:01:03.203Z,86,GET,/api/animais,200,0,15377.84,aws,1
2026-08-30T18:01:03.212Z,90,GET,/api/animais,200,0,15351.47,aws,1
2026-08-30T18:01:03.286Z,89,GET,/api/animais,200,0,15423.27,aws,1
2026-08-30T18:01:03.454Z,16,GET,/api/animais,200,0,15591.25,aws,1
2026-08-30T18:01:03.776Z,87,GET,/api/animais,200,0,15892.14,aws,1
2026-08-30T18:01:04.149Z,91,GET,/api/animais,200,0,16245.63,aws,1
2026-08-30T18:01:04.218Z,75,GET,/api/animais,200,0,16327.79,aws,1
2026-08-30T18:01:04.227Z,95,GET,/api/animais,200,0,16356.12,aws,1
2026-08-30T18:01:04.400Z,15,GET,/api/animais,200,0,16495.08,aws,1
2026-08-30T18:01:04.786Z,88,GET,/api/animais,200,0,16868.30,aws,1
2026-08-30T18:01:05.018Z,54,GET,/api/animais,200,0,17089.18,aws,1
2026-08-30T18:01:05.075Z,3,POST,/api/sync,200,1,16380.98,aws,1
2026-08-30T18:01:05.088Z,8,POST,/api/sync,200,1,16266.77,aws,1
2026-08-30T18:01:05.101Z,5,POST,/api/sync,200,1,16232.21,aws,1
2026-08-30T18:01:05.113Z,12,POST,/api/sync,200,1,16199.40,aws,1
2026-08-30T18:01:05.129Z,1,POST,/api/sync,200,1,16168.70,aws,1
2026-08-30T18:01:05.196Z,84,GET,/api/animais,200,0,17255.06,aws,1
2026-08-30T18:01:05.209Z,71,GET,/api/animais,200,0,17241.89,aws,1
2026-08-30T18:01:05.331Z,77,GET,/api/animais,200,0,17326.26,aws,1
2026-08-30T18:01:05.574Z,10,POST,/api/sync,200,1,15929.35,aws,1
2026-08-30T18:01:05.589Z,19,POST,/api/sync,200,1,15849.62,aws,1
2026-08-30T18:01:05.613Z,2,POST,/api/sync,200,1,15755.44,aws,1
2026-08-30T18:01:05.630Z,6,POST,/api/sync,200,1,15755.30,aws,1
2026-08-30T18:01:05.644Z,7,POST,/api/sync,200,1,15740.79,aws,1
2026-08-30T18:01:05.662Z,13,POST,/api/sync,200,1,15000.47,aws,1
2026-08-30T18:01:05.682Z,17,POST,/api/sync,200,1,14975.40,aws,1
2026-08-30T18:01:05.717Z,93,GET,/api/animais,200,0,16975.83,aws,1
2026-08-30T18:01:05.784Z,9,POST,/api/sync,200,1,14999.01,aws,1
2026-08-30T18:01:05.802Z,14,POST,/api/sync,200,1,14963.23,aws,1
2026-08-30T18:01:05.822Z,4,POST,/api/sync,200,1,14943.68,aws,1
2026-08-30T18:01:05.843Z,21,POST,/api/sync,200,1,14288.19,aws,1
2026-08-30T18:01:05.864Z,22,POST,/api/sync,200,1,14179.47,aws,1
2026-08-30T18:01:05.900Z,94,GET,/api/animais,200,0,17164.74,aws,1
2026-08-30T18:01:06.002Z,25,POST,/api/sync,200,1,14261.06,aws,1
2026-08-30T18:01:06.020Z,23,POST,/api/sync,200,1,14257.26,aws,1
2026-08-30T18:01:06.039Z,20,POST,/api/sync,200,1,14206.35,aws,1
2026-08-30T18:01:06.054Z,24,POST,/api/sync,200,1,13555.45,aws,1
2026-08-30T18:01:06.062Z,27,POST,/api/sync,200,1,13477.84,aws,1
2026-08-30T18:01:06.077Z,35,POST,/api/sync,200,1,13398.25,aws,1
2026-08-30T18:01:06.104Z,18,POST,/api/sync,200,1,13382.80,aws,1
2026-08-30T18:01:06.113Z,58,GET,/api/animais,200,0,16454.83,aws,1
2026-08-30T18:01:06.117Z,28,POST,/api/sync,200,1,13305.38,aws,1
2026-08-30T18:01:06.137Z,29,POST,/api/sync,200,1,12649.04,aws,1
2026-08-30T18:01:06.156Z,30,POST,/api/sync,200,1,12636.17,aws,1
2026-08-30T18:01:06.181Z,82,GET,/api/animais,200,0,16506.64,aws,1
2026-08-30T18:01:06.185Z,41,POST,/api/sync,200,1,12625.43,aws,1
2026-08-30T18:01:06.197Z,34,POST,/api/sync,200,1,12550.63,aws,1
2026-08-30T18:01:06.214Z,46,POST,/api/sync,200,1,12410.95,aws,1
2026-08-30T18:01:06.229Z,40,POST,/api/sync,200,1,11776.18,aws,1
2026-08-30T18:01:06.245Z,32,POST,/api/sync,200,1,11781.66,aws,1
2026-08-30T18:01:06.262Z,31,POST,/api/sync,200,1,11725.27,aws,1
2026-08-30T18:01:06.275Z,44,POST,/api/sync,200,1,11702.83,aws,1
2026-08-30T18:01:06.312Z,92,GET,/api/animais,200,0,16629.92,aws,1
2026-08-30T18:01:06.621Z,33,POST,/api/sync,200,1,11862.46,aws,1
2026-08-30T18:01:06.634Z,37,POST,/api/sync,200,1,11296.89,aws,1
2026-08-30T18:01:06.653Z,49,POST,/api/sync,200,1,11215.57,aws,1
2026-08-30T18:01:06.665Z,39,POST,/api/sync,200,1,11209.31,aws,1
2026-08-30T18:01:06.686Z,36,POST,/api/sync,200,1,11140.86,aws,1
2026-08-30T18:01:06.706Z,43,POST,/api/sync,200,1,10973.21,aws,1
2026-08-30T18:01:06.717Z,42,POST,/api/sync,200,1,10408.80,aws,1
2026-08-30T18:01:06.728Z,50,POST,/api/sync,200,1,10292.78,aws,1
2026-08-30T18:01:06.741Z,52,POST,/api/sync,200,1,10288.38,aws,1
2026-08-30T18:01:06.758Z,99,GET,/api/animais,200,0,15851.19,aws,1
2026-08-30T18:01:06.762Z,45,POST,/api/sync,200,1,10288.73,aws,1
2026-08-30T18:01:06.770Z,26,POST,/api/sync,200,1,10035.54,aws,1
2026-08-30T18:01:06.774Z,48,POST,/api/sync,200,1,9503.86,aws,1
2026-08-30T18:01:06.786Z,56,POST,/api/sync,200,1,9387.73,aws,1
2026-08-30T18:01:06.794Z,53,POST,/api/sync,200,1,9427.23,aws,1
2026-08-30T18:01:06.807Z,59,POST,/api/sync,200,1,9385.98,aws,1
2026-08-30T18:01:06.815Z,61,POST,/api/sync,200,1,9120.44,aws,1
2026-08-30T18:01:06.827Z,67,POST,/api/sync,200,1,8605.55,aws,1
2026-08-30T18:01:06.831Z,100,GET,/api/animais,200,0,14980.80,aws,1
2026-08-30T18:01:06.838Z,64,POST,/api/sync,200,1,8509.46,aws,1
2026-08-30T18:01:06.847Z,60,POST,/api/sync,200,1,8503.92,aws,1
2026-08-30T18:01:06.853Z,55,POST,/api/sync,200,1,8471.51,aws,1
2026-08-30T18:01:06.864Z,63,POST,/api/sync,200,1,8238.43,aws,1
2026-08-30T18:01:06.877Z,69,POST,/api/sync,200,1,7680.49,aws,1
2026-08-30T18:01:06.899Z,47,POST,/api/sync,200,1,7625.45,aws,1
2026-08-30T18:01:06.899Z,57,POST,/api/sync,200,1,7602.92,aws,1
2026-08-30T18:01:06.910Z,11,POST,/api/sync,200,1,7623.91,aws,1
2026-08-30T18:01:06.922Z,78,POST,/api/sync,200,1,6720.81,aws,1
2026-08-30T18:01:06.934Z,68,POST,/api/sync,200,1,6527.02,aws,1
2026-08-30T18:01:06.947Z,62,POST,/api/sync,200,1,6529.74,aws,1
2026-08-30T18:01:06.960Z,83,POST,/api/sync,200,1,6537.52,aws,1
2026-08-30T18:01:06.969Z,70,POST,/api/sync,200,1,6400.40,aws,1
2026-08-30T18:01:06.990Z,72,POST,/api/sync,200,1,5772.46,aws,1
2026-08-30T18:01:06.995Z,81,POST,/api/sync,200,1,5566.55,aws,1
2026-08-30T18:01:07.002Z,65,POST,/api/sync,200,1,5568.96,aws,1
2026-08-30T18:01:07.013Z,76,POST,/api/sync,200,1,5386.06,aws,1
2026-08-30T18:01:07.027Z,74,POST,/api/sync,200,1,5589.83,aws,1
2026-08-30T18:01:07.035Z,98,GET,/api/animais,200,0,14199.06,aws,1
2026-08-30T18:01:07.045Z,51,POST,/api/sync,200,1,5004.61,aws,1
2026-08-30T18:01:07.068Z,85,POST,/api/sync,200,1,4814.42,aws,1
2026-08-30T18:01:07.079Z,79,POST,/api/sync,200,1,4170.52,aws,1
2026-08-30T18:01:07.088Z,86,POST,/api/sync,200,1,3884.34,aws,1
2026-08-30T18:01:07.097Z,90,POST,/api/sync,200,1,3884.47,aws,1
2026-08-30T18:01:07.108Z,89,POST,/api/sync,200,1,3821.17,aws,1
2026-08-30T18:01:07.117Z,16,POST,/api/sync,200,1,3662.77,aws,1
2026-08-30T18:01:07.133Z,38,POST,/api/sync,200,1,7590.13,aws,1
2026-08-30T18:01:07.137Z,87,POST,/api/sync,200,1,3360.12,aws,1
2026-08-30T18:01:07.141Z,96,GET,/api/animais,200,0,12659.48,aws,1
2026-08-30T18:01:07.145Z,91,POST,/api/sync,200,1,2996.11,aws,1
2026-08-30T18:01:07.154Z,95,POST,/api/sync,200,1,2926.20,aws,1
2026-08-30T18:01:07.164Z,15,POST,/api/sync,200,1,2763.15,aws,1
2026-08-30T18:01:07.174Z,88,POST,/api/sync,200,1,2386.81,aws,1
2026-08-30T18:01:07.180Z,97,GET,/api/animais,200,0,12410.56,aws,1
2026-08-30T18:01:07.182Z,75,POST,/api/sync,200,1,2962.63,aws,1
2026-08-30T18:01:07.194Z,66,POST,/api/sync,200,1,4678.22,aws,1
2026-08-30T18:01:07.206Z,54,POST,/api/sync,200,1,2187.49,aws,1
2026-08-30T18:01:07.243Z,80,POST,/api/sync,200,1,4867.40,aws,1
2026-08-30T18:01:07.300Z,73,POST,/api/sync,200,1,5053.22,aws,1
2026-08-30T18:01:08.165Z,84,POST,/api/sync,200,1,2967.04,aws,1
2026-08-30T18:01:08.200Z,71,POST,/api/sync,200,1,2990.72,aws,1
2026-08-30T18:01:08.207Z,77,POST,/api/sync,200,1,2875.67,aws,1
2026-08-30T18:01:08.282Z,8,GET,/api/animais,200,0,3058.71,aws,1
2026-08-30T18:01:08.337Z,3,GET,/api/animais,200,0,3124.87,aws,1
2026-08-30T18:01:08.407Z,5,GET,/api/animais,200,0,3167.58,aws,1
2026-08-30T18:01:08.414Z,1,GET,/api/animais,200,0,3140.62,aws,1
2026-08-30T18:01:08.455Z,12,GET,/api/animais,200,0,3211.18,aws,1
2026-08-30T18:01:09.349Z,93,POST,/api/sync,200,1,3632.49,aws,1
2026-08-30T18:01:09.359Z,10,GET,/api/animais,200,0,3655.95,aws,1
2026-08-30T18:01:09.428Z,19,GET,/api/animais,200,0,3708.47,aws,1
2026-08-30T18:01:09.464Z,2,GET,/api/animais,200,0,3715.82,aws,1
2026-08-30T18:01:09.476Z,6,GET,/api/animais,200,0,3709.04,aws,1
2026-08-30T18:01:09.518Z,7,GET,/api/animais,200,0,3743.52,aws,1
2026-08-30T18:01:10.424Z,13,GET,/api/animais,200,0,4618.37,aws,1
2026-08-30T18:01:10.433Z,94,POST,/api/sync,200,1,4533.04,aws,1
2026-08-30T18:01:10.454Z,17,GET,/api/animais,200,0,4632.61,aws,1
2026-08-30T18:01:10.552Z,9,GET,/api/animais,200,0,4625.33,aws,1
2026-08-30T18:01:10.581Z,14,GET,/api/animais,200,0,4638.35,aws,1
2026-08-30T18:01:10.660Z,4,GET,/api/animais,200,0,4695.49,aws,1
2026-08-30T18:01:11.438Z,21,GET,/api/animais,200,0,5459.25,aws,1
2026-08-30T18:01:11.502Z,22,GET,/api/animais,200,0,5502.29,aws,1
2026-08-30T18:01:11.620Z,23,GET,/api/animais,200,0,5462.23,aws,1
2026-08-30T18:01:11.637Z,58,POST,/api/sync,200,1,5523.11,aws,1
2026-08-30T18:01:11.650Z,25,GET,/api/animais,200,0,5509.92,aws,1
2026-08-30T18:01:11.755Z,20,GET,/api/animais,200,0,5582.59,aws,1
2026-08-30T18:01:12.520Z,24,GET,/api/animais,200,0,6322.52,aws,1
2026-08-30T18:01:12.534Z,82,POST,/api/sync,200,1,6353.36,aws,1
2026-08-30T18:01:12.569Z,27,GET,/api/animais,200,0,6369.39,aws,1
2026-08-30T18:01:12.647Z,35,GET,/api/animais,200,0,6431.82,aws,1
2026-08-30T18:01:12.741Z,18,GET,/api/animais,200,0,6503.16,aws,1
2026-08-30T18:01:12.848Z,28,GET,/api/animais,200,0,6595.90,aws,1
2026-08-30T18:01:13.591Z,30,GET,/api/animais,200,0,7302.63,aws,1
2026-08-30T18:01:13.596Z,29,GET,/api/animais,200,0,7325.45,aws,1
2026-08-30T18:01:13.739Z,41,GET,/api/animais,200,0,7413.14,aws,1
2026-08-30T18:01:13.813Z,92,POST,/api/sync,200,1,7500.02,aws,1
2026-08-30T18:01:13.843Z,34,GET,/api/animais,200,0,7504.52,aws,1
2026-08-30T18:01:13.933Z,46,GET,/api/animais,200,0,7580.52,aws,1
2026-08-30T18:01:14.626Z,32,GET,/api/animais,200,0,8247.64,aws,1
2026-08-30T18:01:14.633Z,40,GET,/api/animais,200,0,8269.31,aws,1
2026-08-30T18:01:14.809Z,31,GET,/api/animais,200,0,8406.20,aws,1
2026-08-30T18:01:14.957Z,44,GET,/api/animais,200,0,8543.94,aws,1
2026-08-30T18:01:15.025Z,33,GET,/api/animais,200,0,8264.76,aws,1
2026-08-30T18:01:15.692Z,37,GET,/api/animais,200,0,8921.15,aws,1
2026-08-30T18:01:15.702Z,49,GET,/api/animais,200,0,8909.04,aws,1
2026-08-30T18:01:15.867Z,39,GET,/api/animais,200,0,9064.49,aws,1
2026-08-30T18:01:15.919Z,99,POST,/api/sync,200,1,9161.65,aws,1
2026-08-30T18:01:16.026Z,36,GET,/api/animais,200,0,9211.25,aws,1
2026-08-30T18:01:16.081Z,43,GET,/api/animais,200,0,9245.18,aws,1
2026-08-30T18:01:16.748Z,42,GET,/api/animais,200,0,9895.37,aws,1
2026-08-30T18:01:16.757Z,50,GET,/api/animais,200,0,9897.36,aws,1
2026-08-30T18:01:16.922Z,52,GET,/api/animais,200,0,10047.15,aws,1
2026-08-30T18:01:17.106Z,45,GET,/api/animais,200,0,10209.94,aws,1
2026-08-30T18:01:17.201Z,26,GET,/api/animais,200,0,10296.27,aws,1
2026-08-30T18:01:17.766Z,100,POST,/api/sync,200,1,10934.56,aws,1
2026-08-30T18:01:17.810Z,48,GET,/api/animais,200,0,10904.64,aws,1
2026-08-30T18:01:17.878Z,56,GET,/api/animais,200,0,10963.49,aws,1
2026-08-30T18:01:17.934Z,53,GET,/api/animais,200,0,11008.76,aws,1
2026-08-30T18:01:18.205Z,59,GET,/api/animais,200,0,11258.01,aws,1
2026-08-30T18:01:18.272Z,61,GET,/api/animais,200,0,11327.05,aws,1
2026-08-30T18:01:18.848Z,67,GET,/api/animais,200,0,11885.10,aws,1
2026-08-30T18:01:19.004Z,60,GET,/api/animais,200,0,12022.39,aws,1
2026-08-30T18:01:19.031Z,64,GET,/api/animais,200,0,12054.47,aws,1
2026-08-30T18:01:19.289Z,55,GET,/api/animais,200,0,12301.57,aws,1
2026-08-30T18:01:19.300Z,63,GET,/api/animais,200,0,12304.11,aws,1
2026-08-30T18:01:19.922Z,69,GET,/api/animais,200,0,12913.53,aws,1
2026-08-30T18:01:20.060Z,47,GET,/api/animais,200,0,13026.42,aws,1
2026-08-30T18:01:20.146Z,57,GET,/api/animais,200,0,13108.13,aws,1
2026-08-30T18:01:20.346Z,11,GET,/api/animais,200,0,13299.80,aws,1
2026-08-30T18:01:20.350Z,78,GET,/api/animais,200,0,13286.19,aws,1
2026-08-30T18:01:21.021Z,68,GET,/api/animais,200,0,13951.56,aws,1
2026-08-30T18:01:21.152Z,62,GET,/api/animais,200,0,14075.88,aws,1
2026-08-30T18:01:21.166Z,83,GET,/api/animais,200,0,14074.27,aws,1
2026-08-30T18:01:21.339Z,98,POST,/api/sync,200,1,14303.67,aws,1
2026-08-30T18:01:21.378Z,72,GET,/api/animais,200,0,14252.17,aws,1
2026-08-30T18:01:21.454Z,70,GET,/api/animais,200,0,14347.22,aws,1
2026-08-30T18:01:22.129Z,81,GET,/api/animais,200,0,14996.15,aws,1
2026-08-30T18:01:22.226Z,65,GET,/api/animais,200,0,15089.90,aws,1
2026-08-30T18:01:22.262Z,76,GET,/api/animais,200,0,15117.63,aws,1
2026-08-30T18:01:22.417Z,74,GET,/api/animais,200,0,15257.52,aws,1
2026-08-30T18:01:22.524Z,51,GET,/api/animais,200,0,15347.04,aws,1
2026-08-30T18:01:23.245Z,85,GET,/api/animais,200,0,16041.31,aws,1
2026-08-30T18:01:23.292Z,79,GET,/api/animais,200,0,16072.68,aws,1
2026-08-30T18:01:23.331Z,86,GET,/api/animais,200,0,16105.51,aws,1
2026-08-30T18:01:23.389Z,96,POST,/api/sync,200,1,16248.48,aws,1
2026-08-30T18:01:23.508Z,90,GET,/api/animais,200,0,16274.42,aws,1
2026-08-30T18:01:23.639Z,89,GET,/api/animais,200,0,16402.33,aws,1
2026-08-30T18:01:24.242Z,97,POST,/api/sync,200,1,17061.80,aws,1
2026-08-30T18:01:24.283Z,16,GET,/api/animais,200,0,17029.58,aws,1
2026-08-30T18:01:24.352Z,38,GET,/api/animais,200,0,17083.72,aws,1
2026-08-30T18:01:24.356Z,87,GET,/api/animais,200,0,17078.10,aws,1
2026-08-30T18:01:24.580Z,91,GET,/api/animais,200,0,17298.44,aws,1
2026-08-30T18:01:24.783Z,95,GET,/api/animais,200,0,17489.64,aws,1
2026-08-30T18:01:25.327Z,15,GET,/api/animais,200,0,18034.38,aws,1
2026-08-30T18:01:25.398Z,75,GET,/api/animais,200,0,18086.47,aws,1
2026-08-30T18:01:25.495Z,88,GET,/api/animais,200,0,18190.58,aws,1
2026-08-30T18:01:25.566Z,66,GET,/api/animais,200,0,18239.83,aws,1
2026-08-30T18:01:25.924Z,54,GET,/api/animais,200,0,18589.00,aws,1
2026-08-30T18:01:26.304Z,8,POST,/api/sync,200,1,18022.70,aws,1
2026-08-30T18:01:26.329Z,3,POST,/api/sync,200,1,17992.21,aws,1
2026-08-30T18:01:26.347Z,5,POST,/api/sync,200,1,17938.93,aws,1
2026-08-30T18:01:26.359Z,1,POST,/api/sync,200,1,17944.44,aws,1
2026-08-30T18:01:26.378Z,12,POST,/api/sync,200,1,17922.85,aws,1
2026-08-30T18:01:26.393Z,10,POST,/api/sync,200,1,17033.86,aws,1
2026-08-30T18:01:26.416Z,19,POST,/api/sync,200,1,16988.56,aws,1
2026-08-30T18:01:26.420Z,80,GET,/api/animais,200,0,19039.24,aws,1
2026-08-30T18:01:26.428Z,2,POST,/api/sync,200,1,16965.19,aws,1
2026-08-30T18:01:26.442Z,6,POST,/api/sync,200,1,16966.21,aws,1
2026-08-30T18:01:26.458Z,7,POST,/api/sync,200,1,16940.43,aws,1
2026-08-30T18:01:26.462Z,73,GET,/api/animais,200,0,19032.51,aws,1
2026-08-30T18:01:26.469Z,13,POST,/api/sync,200,1,16045.95,aws,1
2026-08-30T18:01:26.478Z,17,POST,/api/sync,200,1,16024.83,aws,1
2026-08-30T18:01:26.493Z,9,POST,/api/sync,200,1,15941.70,aws,1
2026-08-30T18:01:26.503Z,14,POST,/api/sync,200,1,15922.60,aws,1
2026-08-30T18:01:26.515Z,4,POST,/api/sync,200,1,15856.51,aws,1
2026-08-30T18:01:26.526Z,21,POST,/api/sync,200,1,15088.25,aws,1
2026-08-30T18:01:26.539Z,22,POST,/api/sync,200,1,15037.07,aws,1
2026-08-30T18:01:26.553Z,23,POST,/api/sync,200,1,14933.18,aws,1
2026-08-30T18:01:26.562Z,84,GET,/api/animais,200,0,18268.99,aws,1
2026-08-30T18:01:26.571Z,25,POST,/api/sync,200,1,14921.35,aws,1
2026-08-30T18:01:26.584Z,71,GET,/api/animais,200,0,18253.53,aws,1
2026-08-30T18:01:26.592Z,20,POST,/api/sync,200,1,14837.08,aws,1
2026-08-30T18:01:26.610Z,24,POST,/api/sync,200,1,14091.04,aws,1
2026-08-30T18:01:26.773Z,27,POST,/api/sync,200,1,14204.90,aws,1
2026-08-30T18:01:26.788Z,35,POST,/api/sync,200,1,14141.39,aws,1
2026-08-30T18:01:26.802Z,18,POST,/api/sync,200,1,14061.01,aws,1
2026-08-30T18:01:26.818Z,28,POST,/api/sync,200,1,13970.89,aws,1
2026-08-30T18:01:26.829Z,30,POST,/api/sync,200,1,13237.73,aws,1
2026-08-30T18:01:26.842Z,29,POST,/api/sync,200,1,13246.50,aws,1
2026-08-30T18:01:26.855Z,41,POST,/api/sync,200,1,13116.06,aws,1
2026-08-30T18:01:26.894Z,77,GET,/api/animais,200,0,18550.74,aws,1
2026-08-30T18:01:27.396Z,34,POST,/api/sync,200,1,13553.34,aws,1
2026-08-30T18:01:27.406Z,46,POST,/api/sync,200,1,13472.43,aws,1
2026-08-30T18:01:27.425Z,32,POST,/api/sync,200,1,12799.78,aws,1
2026-08-30T18:01:27.442Z,40,POST,/api/sync,200,1,12810.12,aws,1
2026-08-30T18:01:27.460Z,31,POST,/api/sync,200,1,12652.00,aws,1
2026-08-30T18:01:27.480Z,44,POST,/api/sync,200,1,12523.28,aws,1
2026-08-30T18:01:27.499Z,33,POST,/api/sync,200,1,12473.90,aws,1
2026-08-30T18:01:27.511Z,93,GET,/api/animais,200,0,18031.16,aws,1
2026-08-30T18:01:27.515Z,37,POST,/api/sync,200,1,11822.96,aws,1
2026-08-30T18:01:27.535Z,49,POST,/api/sync,200,1,11832.51,aws,1
2026-08-30T18:01:27.552Z,39,POST,/api/sync,200,1,11685.04,aws,1
2026-08-30T18:01:27.572Z,36,POST,/api/sync,200,1,11545.44,aws,1
2026-08-30T18:01:27.582Z,43,POST,/api/sync,200,1,11500.41,aws,1
2026-08-30T18:01:27.594Z,42,POST,/api/sync,200,1,10845.05,aws,1
2026-08-30T18:01:27.606Z,50,POST,/api/sync,200,1,10848.41,aws,1
2026-08-30T18:01:27.619Z,52,POST,/api/sync,200,1,10696.06,aws,1
2026-08-30T18:01:27.629Z,45,POST,/api/sync,200,1,10522.78,aws,1
2026-08-30T18:01:27.642Z,26,POST,/api/sync,200,1,10439.59,aws,1
2026-08-30T18:01:27.652Z,48,POST,/api/sync,200,1,9841.93,aws,1
2026-08-30T18:01:27.671Z,94,GET,/api/animais,200,0,17099.45,aws,1
2026-08-30T18:01:27.672Z,56,POST,/api/sync,200,1,9794.27,aws,1
2026-08-30T18:01:27.684Z,59,POST,/api/sync,200,1,9478.95,aws,1
2026-08-30T18:01:27.705Z,61,POST,/api/sync,200,1,9431.20,aws,1
2026-08-30T18:01:27.715Z,82,GET,/api/animais,200,0,15032.06,aws,1
2026-08-30T18:01:27.726Z,67,POST,/api/sync,200,1,8877.29,aws,1
2026-08-30T18:01:27.746Z,60,POST,/api/sync,200,1,8741.17,aws,1
2026-08-30T18:01:27.756Z,58,GET,/api/animais,200,0,15989.04,aws,1
2026-08-30T18:01:27.763Z,64,POST,/api/sync,200,1,8731.51,aws,1
2026-08-30T18:01:27.777Z,53,POST,/api/sync,200,1,9836.70,aws,1
2026-08-30T18:01:27.787Z,63,POST,/api/sync,200,1,8486.40,aws,1
2026-08-30T18:01:27.793Z,55,POST,/api/sync,200,1,8502.71,aws,1
2026-08-30T18:01:27.801Z,69,POST,/api/sync,200,1,7879.12,aws,1
2026-08-30T18:01:27.815Z,47,POST,/api/sync,200,1,7754.18,aws,1
2026-08-30T18:01:27.827Z,57,POST,/api/sync,200,1,7680.51,aws,1
2026-08-30T18:01:27.839Z,78,POST,/api/sync,200,1,7488.00,aws,1
2026-08-30T18:01:27.848Z,11,POST,/api/sync,200,1,7501.81,aws,1
2026-08-30T18:01:27.859Z,68,POST,/api/sync,200,1,6836.84,aws,1
2026-08-30T18:01:27.879Z,83,POST,/api/sync,200,1,6712.68,aws,1
2026-08-30T18:01:27.892Z,62,POST,/api/sync,200,1,6740.03,aws,1
2026-08-30T18:01:27.915Z,72,POST,/api/sync,200,1,6537.13,aws,1
2026-08-30T18:01:27.940Z,70,POST,/api/sync,200,1,6484.73,aws,1
2026-08-30T18:01:27.968Z,81,POST,/api/sync,200,1,5838.61,aws,1
2026-08-30T18:01:27.995Z,65,POST,/api/sync,200,1,5768.05,aws,1
2026-08-30T18:01:28.027Z,74,POST,/api/sync,200,1,5609.58,aws,1
2026-08-30T18:01:28.068Z,51,POST,/api/sync,200,1,5543.75,aws,1
2026-08-30T18:01:28.088Z,92,GET,/api/animais,200,0,14139.30,aws,1
2026-08-30T18:01:28.105Z,85,POST,/api/sync,200,1,4859.58,aws,1
2026-08-30T18:01:28.129Z,79,POST,/api/sync,200,1,4835.94,aws,1
2026-08-30T18:01:28.154Z,86,POST,/api/sync,200,1,4822.66,aws,1
2026-08-30T18:01:28.179Z,76,POST,/api/sync,200,1,5916.88,aws,1
2026-08-30T18:01:28.211Z,90,POST,/api/sync,200,1,4701.69,aws,1
2026-08-30T18:01:28.239Z,89,POST,/api/sync,200,1,4600.08,aws,1
2026-08-30T18:01:28.268Z,16,POST,/api/sync,200,1,3984.35,aws,1
2026-08-30T18:01:28.300Z,38,POST,/api/sync,200,1,3947.71,aws,1
2026-08-30T18:01:28.331Z,87,POST,/api/sync,200,1,3974.30,aws,1
2026-08-30T18:01:28.336Z,100,GET,/api/animais,200,0,10436.81,aws,1
2026-08-30T18:01:28.366Z,91,POST,/api/sync,200,1,3785.95,aws,1
2026-08-30T18:01:28.394Z,95,POST,/api/sync,200,1,3610.33,aws,1
2026-08-30T18:01:28.423Z,15,POST,/api/sync,200,1,3094.97,aws,1
2026-08-30T18:01:28.458Z,75,POST,/api/sync,200,1,3058.49,aws,1
2026-08-30T18:01:28.490Z,88,POST,/api/sync,200,1,2994.59,aws,1
2026-08-30T18:01:28.522Z,66,POST,/api/sync,200,1,2954.88,aws,1
2026-08-30T18:01:28.540Z,54,POST,/api/sync,200,1,2615.23,aws,1
2026-08-30T18:01:28.636Z,99,GET,/api/animais,200,0,12585.81,aws,1
2026-08-30T18:01:29.074Z,98,GET,/api/animais,200,0,7598.23,aws,1
2026-08-30T18:01:29.301Z,96,GET,/api/animais,200,0,5780.22,aws,1
2026-08-30T18:01:29.495Z,97,GET,/api/animais,200,0,5114.51,aws,1
2026-08-30T18:01:29.835Z,3,GET,/api/animais,200,0,3369.95,aws,1
2026-08-30T18:01:29.916Z,8,GET,/api/animais,200,0,3474.78,aws,1
2026-08-30T18:01:30.163Z,80,POST,/api/sync,200,1,3743.18,aws,1
2026-08-30T18:01:30.268Z,5,GET,/api/animais,200,0,3783.05,aws,1
2026-08-30T18:01:30.554Z,1,GET,/api/animais,200,0,4057.76,aws,1
2026-08-30T18:01:30.640Z,12,GET,/api/animais,200,0,4126.65,aws,1
2026-08-30T18:01:30.914Z,73,POST,/api/sync,200,1,4451.82,aws,1
2026-08-30T18:01:31.003Z,10,GET,/api/animais,200,0,4478.94,aws,1
2026-08-30T18:01:31.089Z,19,GET,/api/animais,200,0,4542.83,aws,1
2026-08-30T18:01:31.550Z,2,GET,/api/animais,200,0,4986.41,aws,1
2026-08-30T18:01:31.712Z,6,GET,/api/animais,200,0,5137.41,aws,1
2026-08-30T18:01:31.807Z,7,GET,/api/animais,200,0,5218.21,aws,1
2026-08-30T18:01:32.254Z,17,GET,/api/animais,200,0,5638.35,aws,1
2026-08-30T18:01:32.322Z,13,GET,/api/animais,200,0,5718.97,aws,1
2026-08-30T18:01:32.694Z,9,GET,/api/animais,200,0,6065.71,aws,1
2026-08-30T18:01:32.877Z,84,POST,/api/sync,200,1,6314.87,aws,1
2026-08-30T18:01:32.911Z,71,POST,/api/sync,200,1,6326.52,aws,1
2026-08-30T18:01:32.962Z,4,GET,/api/animais,200,0,6313.55,aws,1
2026-08-30T18:01:32.973Z,14,GET,/api/animais,200,0,6337.74,aws,1
2026-08-30T18:01:33.421Z,21,GET,/api/animais,200,0,6759.91,aws,1
2026-08-30T18:01:33.477Z,22,GET,/api/animais,200,0,6806.85,aws,1
2026-08-30T18:01:33.902Z,23,GET,/api/animais,200,0,7211.17,aws,1
2026-08-30T18:01:34.148Z,25,GET,/api/animais,200,0,7442.82,aws,1
2026-08-30T18:01:34.223Z,20,GET,/api/animais,200,0,7496.22,aws,1
2026-08-30T18:01:34.632Z,24,GET,/api/animais,200,0,7880.27,aws,1
2026-08-30T18:01:34.662Z,27,GET,/api/animais,200,0,7750.06,aws,1
2026-08-30T18:01:35.136Z,35,GET,/api/animais,200,0,8210.59,aws,1
2026-08-30T18:01:35.262Z,77,POST,/api/sync,200,1,8367.80,aws,1
2026-08-30T18:01:35.365Z,18,GET,/api/animais,200,0,8426.34,aws,1
2026-08-30T18:01:35.411Z,28,GET,/api/animais,200,0,8454.79,aws,1
2026-08-30T18:01:35.800Z,30,GET,/api/animais,200,0,8833.82,aws,1
2026-08-30T18:01:35.871Z,29,GET,/api/animais,200,0,8891.73,aws,1
2026-08-30T18:01:36.279Z,41,GET,/api/animais,200,0,9291.34,aws,1
2026-08-30T18:01:36.548Z,46,GET,/api/animais,200,0,8998.73,aws,1
2026-08-30T18:01:36.587Z,34,GET,/api/animais,200,0,9052.37,aws,1
2026-08-30T18:01:36.950Z,93,POST,/api/sync,200,1,9439.16,aws,1
2026-08-30T18:01:37.056Z,32,GET,/api/animais,200,0,9500.62,aws,1
2026-08-30T18:01:37.074Z,40,GET,/api/animais,200,0,9496.44,aws,1
2026-08-30T18:01:37.520Z,31,GET,/api/animais,200,0,9926.98,aws,1
2026-08-30T18:01:37.698Z,33,GET,/api/animais,200,0,10064.71,aws,1
2026-08-30T18:01:37.823Z,44,GET,/api/animais,200,0,10209.95,aws,1
2026-08-30T18:01:38.186Z,49,GET,/api/animais,200,0,10511.69,aws,1
2026-08-30T18:01:38.309Z,37,GET,/api/animais,200,0,10655.59,aws,1
2026-08-30T18:01:38.755Z,39,GET,/api/animais,200,0,11064.89,aws,1
2026-08-30T18:01:38.938Z,36,GET,/api/animais,200,0,11224.12,aws,1
2026-08-30T18:01:38.979Z,43,GET,/api/animais,200,0,11260.57,aws,1
2026-08-30T18:01:39.362Z,94,POST,/api/sync,200,1,11690.91,aws,1
2026-08-30T18:01:39.437Z,42,GET,/api/animais,200,0,11699.42,aws,1
2026-08-30T18:01:39.468Z,50,GET,/api/animais,200,0,11723.01,aws,1
2026-08-30T18:01:39.912Z,52,GET,/api/animais,200,0,12153.19,aws,1
2026-08-30T18:01:40.087Z,45,GET,/api/animais,200,0,12322.83,aws,1
2026-08-30T18:01:40.130Z,82,POST,/api/sync,200,1,12414.47,aws,1
2026-08-30T18:01:40.228Z,26,GET,/api/animais,200,0,12456.06,aws,1
2026-08-30T18:01:40.623Z,58,POST,/api/sync,200,1,12866.06,aws,1
2026-08-30T18:01:40.632Z,48,GET,/api/animais,200,0,12844.26,aws,1
2026-08-30T18:01:40.723Z,56,GET,/api/animais,200,0,12913.07,aws,1
2026-08-30T18:01:41.120Z,59,GET,/api/animais,200,0,13298.74,aws,1
2026-08-30T18:01:41.224Z,61,GET,/api/animais,200,0,13383.01,aws,1
2026-08-30T18:01:41.433Z,67,GET,/api/animais,200,0,13565.41,aws,1
2026-08-30T18:01:41.842Z,60,GET,/api/animais,200,0,13956.45,aws,1
2026-08-30T18:01:41.949Z,64,GET,/api/animais,200,0,14049.04,aws,1
2026-08-30T18:01:42.293Z,53,GET,/api/animais,200,0,14369.95,aws,1
2026-08-30T18:01:42.474Z,63,GET,/api/animais,200,0,14545.31,aws,1
2026-08-30T18:01:42.619Z,55,GET,/api/animais,200,0,14688.14,aws,1
2026-08-30T18:01:43.031Z,69,GET,/api/animais,200,0,15091.53,aws,1
2026-08-30T18:01:43.200Z,47,GET,/api/animais,200,0,15245.35,aws,1
2026-08-30T18:01:43.492Z,57,GET,/api/animais,200,0,15528.09,aws,1
2026-08-30T18:01:43.601Z,78,GET,/api/animais,200,0,15623.15,aws,1
2026-08-30T18:01:43.859Z,11,GET,/api/animais,200,0,15871.17,aws,1
2026-08-30T18:01:44.219Z,68,GET,/api/animais,200,0,16222.93,aws,1
2026-08-30T18:01:44.490Z,83,GET,/api/animais,200,0,16463.71,aws,1
2026-08-30T18:01:44.729Z,62,GET,/api/animais,200,0,16699.07,aws,1
2026-08-30T18:01:44.752Z,72,GET,/api/animais,200,0,16697.50,aws,1
2026-08-30T18:01:44.916Z,92,POST,/api/sync,200,1,16826.96,aws,1
2026-08-30T18:01:45.029Z,70,GET,/api/animais,200,0,16952.00,aws,1
2026-08-30T18:01:45.431Z,81,GET,/api/animais,200,0,17326.74,aws,1
2026-08-30T18:01:45.689Z,65,GET,/api/animais,200,0,17553.04,aws,1
2026-08-30T18:01:45.923Z,51,GET,/api/animais,200,0,17718.70,aws,1
2026-08-30T18:01:45.940Z,74,GET,/api/animais,200,0,17776.33,aws,1
2026-08-30T18:01:46.294Z,85,GET,/api/animais,200,0,18054.18,aws,1
2026-08-30T18:01:46.630Z,79,GET,/api/animais,200,0,18365.42,aws,1
2026-08-30T18:01:46.812Z,86,GET,/api/animais,200,0,18515.02,aws,1
2026-08-30T18:01:47.068Z,100,POST,/api/sync,200,1,18731.43,aws,1
2026-08-30T18:01:47.132Z,76,GET,/api/animais,200,0,18809.05,aws,1
2026-08-30T18:01:47.168Z,90,GET,/api/animais,200,0,18816.47,aws,1
2026-08-30T18:01:47.521Z,89,GET,/api/animais,200,0,19144.54,aws,1
2026-08-30T18:01:47.745Z,16,GET,/api/animais,200,0,19338.31,aws,1
2026-08-30T18:01:48.020Z,38,GET,/api/animais,200,0,19582.97,aws,1
2026-08-30T18:01:48.294Z,87,GET,/api/animais,200,0,19820.17,aws,1
2026-08-30T18:01:48.493Z,91,GET,/api/animais,200,0,19990.44,aws,1
2026-08-30T18:01:48.841Z,95,GET,/api/animais,200,0,20308.48,aws,1
2026-08-30T18:01:48.843Z,99,POST,/api/sync,200,1,20206.61,aws,1
2026-08-30T18:01:48.873Z,98,POST,/api/sync,200,1,19798.33,aws,1
2026-08-30T18:01:48.907Z,96,POST,/api/sync,200,1,19605.22,aws,1
2026-08-30T18:01:48.937Z,97,POST,/api/sync,200,1,19441.64,aws,1
2026-08-30T18:01:48.946Z,15,GET,/api/animais,200,0,20383.81,aws,1
2026-08-30T18:01:48.966Z,3,POST,/api/sync,200,1,19129.90,aws,1
2026-08-30T18:01:49.002Z,8,POST,/api/sync,200,1,19085.95,aws,1
2026-08-30T18:01:49.029Z,5,POST,/api/sync,200,1,18760.08,aws,1
2026-08-30T18:01:49.062Z,1,POST,/api/sync,200,1,18507.20,aws,1
2026-08-30T18:01:49.091Z,12,POST,/api/sync,200,1,18451.41,aws,1
2026-08-30T18:01:49.106Z,75,GET,/api/animais,200,0,20518.21,aws,1
2026-08-30T18:01:49.345Z,10,POST,/api/sync,200,1,18341.15,aws,1
2026-08-30T18:01:49.378Z,19,POST,/api/sync,200,1,18288.96,aws,1
2026-08-30T18:01:49.413Z,2,POST,/api/sync,200,1,17862.21,aws,1
2026-08-30T18:01:49.443Z,6,POST,/api/sync,200,1,17730.49,aws,1
2026-08-30T18:01:49.454Z,88,GET,/api/animais,200,0,20818.89,aws,1
2026-08-30T18:01:49.475Z,7,POST,/api/sync,200,1,17668.11,aws,1
2026-08-30T18:01:49.498Z,17,POST,/api/sync,200,1,17243.42,aws,1
2026-08-30T18:01:49.527Z,13,POST,/api/sync,200,1,17203.50,aws,1
2026-08-30T18:01:49.550Z,9,POST,/api/sync,200,1,16855.12,aws,1
2026-08-30T18:01:49.596Z,66,GET,/api/animais,200,0,20937.21,aws,1
2026-08-30T18:01:49.832Z,4,POST,/api/sync,200,1,16869.63,aws,1
2026-08-30T18:01:49.867Z,14,POST,/api/sync,200,1,16893.32,aws,1
2026-08-30T18:01:49.896Z,21,POST,/api/sync,200,1,16474.82,aws,1
2026-08-30T18:01:49.927Z,22,POST,/api/sync,200,1,16449.09,aws,1
2026-08-30T18:01:49.933Z,54,GET,/api/animais,200,0,21255.67,aws,1
2026-08-30T18:01:49.960Z,23,POST,/api/sync,200,1,16056.81,aws,1
2026-08-30T18:01:49.992Z,25,POST,/api/sync,200,1,15843.60,aws,1
2026-08-30T18:01:50.022Z,20,POST,/api/sync,200,1,15798.24,aws,1
2026-08-30T18:01:50.043Z,24,POST,/api/sync,200,1,15409.92,aws,1
2026-08-30T18:01:50.072Z,35,POST,/api/sync,200,1,14936.01,aws,1
2026-08-30T18:01:50.109Z,27,POST,/api/sync,200,1,15446.05,aws,1
2026-08-30T18:01:50.135Z,18,POST,/api/sync,200,1,14769.80,aws,1
2026-08-30T18:01:50.148Z,80,GET,/api/animais,200,0,19847.89,aws,1
2026-08-30T18:01:50.164Z,28,POST,/api/sync,200,1,14751.82,aws,1
2026-08-30T18:01:50.194Z,30,POST,/api/sync,200,1,14393.27,aws,1
2026-08-30T18:01:50.229Z,29,POST,/api/sync,200,1,14357.47,aws,1
2026-08-30T18:01:50.250Z,46,POST,/api/sync,200,1,13701.08,aws,1
2026-08-30T18:01:50.278Z,34,POST,/api/sync,200,1,13690.69,aws,1
2026-08-30T18:01:50.313Z,41,POST,/api/sync,200,1,14033.45,aws,1
2026-08-30T18:01:50.328Z,73,GET,/api/animais,200,0,19274.03,aws,1
2026-08-30T18:01:50.345Z,32,POST,/api/sync,200,1,13286.91,aws,1
2026-08-30T18:01:50.376Z,40,POST,/api/sync,200,1,13300.10,aws,1
2026-08-30T18:01:50.410Z,31,POST,/api/sync,200,1,12888.71,aws,1
2026-08-30T18:01:50.439Z,33,POST,/api/sync,200,1,12740.60,aws,1
2026-08-30T18:01:50.471Z,44,POST,/api/sync,200,1,12647.39,aws,1
2026-08-30T18:01:50.510Z,49,POST,/api/sync,200,1,12323.11,aws,1
2026-08-30T18:01:50.535Z,37,POST,/api/sync,200,1,12225.29,aws,1
2026-08-30T18:01:50.569Z,39,POST,/api/sync,200,1,11814.30,aws,1
2026-08-30T18:01:50.602Z,36,POST,/api/sync,200,1,11662.53,aws,1
2026-08-30T18:01:50.621Z,43,POST,/api/sync,200,1,11641.43,aws,1
2026-08-30T18:01:50.653Z,42,POST,/api/sync,200,1,11215.17,aws,1
2026-08-30T18:01:50.689Z,50,POST,/api/sync,200,1,11219.63,aws,1
2026-08-30T18:01:50.714Z,52,POST,/api/sync,200,1,10801.13,aws,1
2026-08-30T18:01:50.725Z,84,GET,/api/animais,200,0,17704.08,aws,1
2026-08-30T18:01:50.736Z,45,POST,/api/sync,200,1,10648.46,aws,1
2026-08-30T18:01:50.771Z,26,POST,/api/sync,200,1,10541.51,aws,1
2026-08-30T18:01:50.815Z,71,GET,/api/animais,200,0,17760.37,aws,1
2026-08-30T18:01:51.073Z,48,POST,/api/sync,200,1,10440.47,aws,1
2026-08-30T18:01:51.095Z,56,POST,/api/sync,200,1,10370.78,aws,1
2026-08-30T18:01:51.115Z,59,POST,/api/sync,200,1,9994.24,aws,1
2026-08-30T18:01:51.138Z,61,POST,/api/sync,200,1,9913.88,aws,1
2026-08-30T18:01:51.165Z,67,POST,/api/sync,200,1,9731.87,aws,1
2026-08-30T18:01:51.172Z,77,GET,/api/animais,200,0,15779.44,aws,1
2026-08-30T18:01:51.191Z,60,POST,/api/sync,200,1,9349.33,aws,1
2026-08-30T18:01:51.212Z,64,POST,/api/sync,200,1,9262.10,aws,1
2026-08-30T18:01:51.233Z,53,POST,/api/sync,200,1,8938.84,aws,1
2026-08-30T18:01:51.255Z,63,POST,/api/sync,200,1,8780.76,aws,1
2026-08-30T18:01:51.280Z,55,POST,/api/sync,200,1,8661.00,aws,1
2026-08-30T18:01:51.321Z,69,POST,/api/sync,200,1,8289.72,aws,1
2026-08-30T18:01:51.355Z,47,POST,/api/sync,200,1,8154.55,aws,1
2026-08-30T18:01:51.392Z,57,POST,/api/sync,200,1,7899.38,aws,1
2026-08-30T18:01:51.423Z,78,POST,/api/sync,200,1,7820.89,aws,1
2026-08-30T18:01:51.442Z,11,POST,/api/sync,200,1,7582.21,aws,1
2026-08-30T18:01:51.476Z,83,POST,/api/sync,200,1,6984.21,aws,1
2026-08-30T18:01:51.501Z,62,POST,/api/sync,200,1,6770.97,aws,1
2026-08-30T18:01:51.530Z,72,POST,/api/sync,200,1,6777.55,aws,1
2026-08-30T18:01:51.555Z,93,GET,/api/animais,200,0,14464.75,aws,1
2026-08-30T18:01:51.556Z,68,POST,/api/sync,200,1,7336.74,aws,1
2026-08-30T18:01:51.588Z,70,POST,/api/sync,200,1,6558.56,aws,1
2026-08-30T18:01:51.620Z,81,POST,/api/sync,200,1,6188.43,aws,1
2026-08-30T18:01:51.651Z,65,POST,/api/sync,200,1,5962.12,aws,1
2026-08-30T18:01:51.683Z,51,POST,/api/sync,200,1,5758.90,aws,1
2026-08-30T18:01:51.714Z,74,POST,/api/sync,200,1,5773.23,aws,1
2026-08-30T18:01:51.746Z,79,POST,/api/sync,200,1,5115.14,aws,1
2026-08-30T18:01:51.774Z,86,POST,/api/sync,200,1,4961.83,aws,1
2026-08-30T18:01:51.804Z,76,POST,/api/sync,200,1,4671.88,aws,1
2026-08-30T18:01:51.826Z,90,POST,/api/sync,200,1,4658.06,aws,1
2026-08-30T18:01:51.831Z,82,GET,/api/animais,200,0,11564.51,aws,1
2026-08-30T18:01:51.863Z,94,GET,/api/animais,200,0,12360.17,aws,1
2026-08-30T18:01:51.865Z,89,POST,/api/sync,200,1,4343.44,aws,1
2026-08-30T18:01:51.884Z,16,POST,/api/sync,200,1,4138.82,aws,1
2026-08-30T18:01:51.921Z,38,POST,/api/sync,200,1,3900.30,aws,1
2026-08-30T18:01:51.956Z,91,POST,/api/sync,200,1,3463.09,aws,1
2026-08-30T18:01:51.990Z,95,POST,/api/sync,200,1,3148.20,aws,1
2026-08-30T18:01:52.013Z,58,GET,/api/animais,200,0,11252.97,aws,1
2026-08-30T18:01:52.015Z,87,POST,/api/sync,200,1,3720.71,aws,1
2026-08-30T18:01:52.061Z,85,POST,/api/sync,200,1,5766.68,aws,1
2026-08-30T18:01:52.661Z,92,GET,/api/animais,200,0,7607.53,aws,1
2026-08-30T18:01:52.870Z,15,POST,/api/sync,200,1,3923.79,aws,1
2026-08-30T18:01:52.907Z,75,POST,/api/sync,200,1,3799.95,aws,1
2026-08-30T18:01:52.945Z,88,POST,/api/sync,200,1,3489.74,aws,1
2026-08-30T18:01:52.984Z,100,GET,/api/animais,200,0,5766.12,aws,1
2026-08-30T18:01:52.987Z,66,POST,/api/sync,200,1,3378.70,aws,1
2026-08-30T18:01:53.012Z,54,POST,/api/sync,200,1,3078.37,aws,1
2026-08-30T18:01:53.041Z,80,POST,/api/sync,200,1,2892.65,aws,1
2026-08-30T18:01:53.077Z,73,POST,/api/sync,200,1,2748.63,aws,1
2026-08-30T18:01:53.113Z,84,POST,/api/sync,200,1,2386.80,aws,1
2026-08-30T18:01:53.151Z,71,POST,/api/sync,200,1,2335.04,aws,1
2026-08-30T18:01:53.235Z,77,POST,/api/sync,200,1,2061.05,aws,1
2026-08-30T18:01:53.235Z,93,POST,/api/sync,200,1,1679.20,aws,1
2026-08-30T18:01:53.235Z,82,POST,/api/sync,200,1,1403.32,aws,1
2026-08-30T18:01:53.256Z,58,POST,/api/sync,200,1,1241.73,aws,1
2026-08-30T18:01:53.278Z,92,POST,/api/sync,200,1,616.24,aws,1
2026-08-30T18:01:53.294Z,100,POST,/api/sync,200,1,309.03,aws,1
2026-08-30T18:01:53.319Z,94,POST,/api/sync,200,1,1454.82,aws,1
2026-08-30T18:01:53.339Z,99,GET,/api/animais,200,0,4390.51,aws,1
2026-08-30T18:01:53.397Z,98,GET,/api/animais,200,0,4386.74,aws,1
2026-08-30T18:01:53.412Z,96,GET,/api/animais,200,0,4361.10,aws,1
2026-08-30T18:01:53.507Z,97,GET,/api/animais,200,0,4429.23,aws,1
2026-08-30T18:01:53.512Z,99,POST,/api/sync,200,1,169.74,aws,1
2026-08-30T18:01:53.554Z,98,POST,/api/sync,200,1,155.97,aws,1
2026-08-30T18:01:53.579Z,96,POST,/api/sync,200,1,166.17,aws,1
2026-08-30T18:01:53.666Z,97,POST,/api/sync,200,1,158.62,aws,1