Timestamp,Worker,Method,Endpoint,Status,Latency_ms
2026-08-29T22:46:38.440Z,2,GET,/api/animais,200,96.41
2026-08-29T22:46:38.445Z,1,GET,/api/animais,200,148.06
2026-08-29T22:46:38.489Z,4,GET,/api/animais,200,143.83
2026-08-29T22:46:38.490Z,3,GET,/api/animais,200,145.76
2026-08-29T22:46:38.538Z,6,GET,/api/animais,200,191.43
2026-08-29T22:46:38.538Z,5,GET,/api/animais,200,192.71
2026-08-29T22:46:38.589Z,8,GET,/api/animais,200,242.53
2026-08-29T22:46:38.590Z,7,GET,/api/animais,200,243.77
2026-08-29T22:46:38.638Z,9,GET,/api/animais,200,291.02
2026-08-29T22:46:38.640Z,10,GET,/api/animais,200,292.32
2026-08-29T22:46:38.756Z,2,POST,/api/sync,401,314.90
2026-08-29T22:46:38.756Z,1,POST,/api/sync,401,311.38
2026-08-29T22:46:38.860Z,4,POST,/api/sync,401,370.84
2026-08-29T22:46:38.862Z,6,POST,/api/sync,401,324.47
2026-08-29T22:46:38.865Z,3,POST,/api/sync,401,375.18
2026-08-29T22:46:38.954Z,5,POST,/api/sync,401,415.11
2026-08-29T22:46:38.956Z,8,POST,/api/sync,401,366.77
2026-08-29T22:46:38.957Z,7,POST,/api/sync,401,366.72
2026-08-29T22:46:38.994Z,2,GET,/api/animais,200,238.45
2026-08-29T22:46:39.028Z,1,GET,/api/animais,200,271.77
2026-08-29T22:46:39.046Z,9,POST,/api/sync,401,407.47
2026-08-29T22:46:39.047Z,10,POST,/api/sync,401,407.02
2026-08-29T22:46:39.062Z,4,GET,/api/animais,200,201.66
2026-08-29T22:46:39.081Z,6,GET,/api/animais,200,218.54
2026-08-29T22:46:39.082Z,3,GET,/api/animais,200,216.82
2026-08-29T22:46:39.098Z,5,GET,/api/animais,200,144.10
2026-08-29T22:46:39.120Z,8,GET,/api/animais,200,164.32
2026-08-29T22:46:39.121Z,7,GET,/api/animais,200,164.16
2026-08-29T22:46:39.156Z,9,GET,/api/animais,200,110.39
2026-08-29T22:46:39.189Z,10,GET,/api/animais,200,141.84
2026-08-29T22:46:39.190Z,2,POST,/api/sync,401,196.09
2026-08-29T22:46:39.210Z,1,POST,/api/sync,401,182.03
2026-08-29T22:46:39.277Z,4,POST,/api/sync,401,215.17
2026-08-29T22:46:39.278Z,6,POST,/api/sync,401,197.78
2026-08-29T22:46:39.299Z,3,POST,/api/sync,401,216.41
2026-08-29T22:46:39.367Z,5,POST,/api/sync,401,269.53
2026-08-29T22:46:39.368Z,8,POST,/api/sync,401,247.25
2026-08-29T22:46:39.386Z,7,POST,/api/sync,401,264.68
2026-08-29T22:46:39.466Z,9,POST,/api/sync,401,309.71
2026-08-29T22:46:39.468Z,10,POST,/api/sync,401,279.64